scale,n_nodes,mean_degree,seed,noise,scheme,T,homogeneity,completeness,ari,accuracy,macro_f1,map
1,275,2.581818181818182,0,0.0,linspace,5,0.9627998665185845,0.913302163321757,0.7158044202531458,0.8695652173913043,0.7385694662480377,0.9428764573123917
1,275,2.581818181818182,0,0.0,linspace,10,0.966007436671484,0.9135651558932966,0.7200570660048595,0.9130434782608695,0.8335459183673469,0.9419559990727358
1,275,2.581818181818182,0,0.0,linspace,25,0.9745055775036129,0.9347858677437609,0.777814137302355,0.9565217391304348,0.9355867346938774,0.9434191374369252
1,275,2.581818181818182,0,0.0,linspace,50,0.966007436671484,0.9135651558932966,0.7200570660048595,0.9565217391304348,0.9355867346938774,0.9427922605383917
1,275,2.581818181818182,0,0.0,linspace,100,0.9745055775036129,0.934785867743761,0.777814137302355,0.9565217391304348,0.9355867346938774,0.9464368881370919
1,275,2.581818181818182,0,0.0,linspace,200,0.9745055775036129,0.9347858677437609,0.777814137302355,0.9565217391304348,0.9355867346938774,0.943590070803338
1,275,2.581818181818182,0,0.0,linspace,400,0.9660074366714843,0.9135651558932967,0.7200570660048595,0.9565217391304348,0.9355867346938774,0.9437233911347896
1,275,2.581818181818182,0,0.0,linspace,800,0.9627998665185845,0.913302163321757,0.7158044202531458,0.9565217391304348,0.9355867346938774,0.9512047107365518
1,275,2.581818181818182,0,0.0,geomspace,5,0.9627998665185845,0.913302163321757,0.7158044202531458,0.8695652173913043,0.7385694662480377,0.9431091412950755
1,275,2.581818181818182,0,0.0,geomspace,10,0.966007436671484,0.9135651558932968,0.7200570660048595,0.8695652173913043,0.7385694662480377,0.9419559990727358
1,275,2.581818181818182,0,0.0,geomspace,25,0.9745055775036129,0.9347858677437609,0.777814137302355,0.9347826086956522,0.8845663265306122,0.94280178723474
1,275,2.581818181818182,0,0.0,geomspace,50,0.966007436671484,0.9135651558932966,0.7200570660048595,0.9565217391304348,0.9355867346938774,0.9431340995690595
1,275,2.581818181818182,0,0.0,geomspace,100,0.9745055775036129,0.934785867743761,0.777814137302355,0.9565217391304348,0.9355867346938774,0.9440125408016246
1,275,2.581818181818182,0,0.0,geomspace,200,0.9745055775036129,0.934785867743761,0.777814137302355,0.9565217391304348,0.9355867346938774,0.943370205923985
1,275,2.581818181818182,0,0.0,geomspace,400,0.9627998665185845,0.913302163321757,0.7158044202531458,0.9565217391304348,0.9355867346938774,0.9452563654704254
1,275,2.581818181818182,0,0.0,geomspace,800,0.9627998665185845,0.913302163321757,0.7158044202531458,0.9565217391304348,0.9355867346938774,0.9446966542746732
1,275,2.581818181818182,0,0.0,gauss,5,0.9627998665185845,0.913302163321757,0.7158044202531458,0.8695652173913043,0.7385694662480377,0.9428764573123917
1,275,2.581818181818182,0,0.0,gauss,10,0.966007436671484,0.9135651558932966,0.7200570660048595,0.8695652173913043,0.7385694662480377,0.9419922460573811
1,275,2.581818181818182,0,0.0,gauss,25,0.966007436671484,0.9135651558932966,0.7200570660048595,0.9565217391304348,0.9355867346938774,0.9428271372471605
1,275,2.581818181818182,0,0.0,gauss,50,0.9660074366714843,0.9135651558932968,0.7200570660048595,0.9565217391304348,0.9355867346938774,0.9436896828219584
1,275,2.581818181818182,0,0.0,gauss,100,0.9745055775036129,0.9347858677437609,0.777814137302355,0.9565217391304348,0.9355867346938774,0.9437964454753236
1,275,2.581818181818182,0,0.0,gauss,200,0.9745055775036129,0.9347858677437609,0.777814137302355,0.9565217391304348,0.9355867346938774,0.9466169977172784
1,275,2.581818181818182,0,0.0,gauss,400,0.9627998665185845,0.9133021633217568,0.7158044202531458,0.9565217391304348,0.9355867346938774,0.9423064841796608
1,275,2.581818181818182,0,0.0,gauss,800,0.966007436671484,0.9135651558932966,0.7200570660048595,0.9565217391304348,0.9355867346938774,0.9398095113418424
1,275,2.581818181818182,0,0.02,linspace,5,0.7530633033130115,0.7348402219569401,0.5379755723325583,0.6014492753623188,0.36007875877623785,0.6360914941846181
1,275,2.581818181818182,0,0.02,linspace,10,0.7500800711686276,0.7375326091349413,0.5303922145187746,0.6594202898550725,0.4588119816691245,0.6466377975074579
1,275,2.581818181818182,0,0.02,linspace,25,0.7864490291097359,0.771977201379411,0.5634065934065934,0.7391304347826086,0.6243290043290044,0.6949505576966343
1,275,2.581818181818182,0,0.02,linspace,50,0.822717065466429,0.7924012080444962,0.5932588786646226,0.782608695652174,0.6947842048992171,0.7223361604594817
1,275,2.581818181818182,0,0.02,linspace,100,0.8124625122816425,0.7860858475914438,0.5751017241190892,0.7898550724637681,0.675477240329457,0.7100070062483589
1,275,2.581818181818182,0,0.02,linspace,200,0.7945628221390154,0.7614558214174952,0.5433215485174357,0.7681159420289855,0.6530545060266612,0.6836551488357082
1,275,2.581818181818182,0,0.02,linspace,400,0.7719533853043411,0.7400604266700899,0.520227151470857,0.7463768115942029,0.6271339061940565,0.6605776878145329
1,275,2.581818181818182,0,0.02,linspace,800,0.7833079578541206,0.7509904694417457,0.5520240913598226,0.717391304347826,0.5769302721088436,0.643518860145794
1,275,2.581818181818182,0,0.02,geomspace,5,0.7498183665030204,0.7330989392957343,0.5280145417299321,0.6086956521739131,0.3685755514326943,0.6366320632462601
1,275,2.581818181818182,0,0.02,geomspace,10,0.7700778697133774,0.7469007519245195,0.5539511770466828,0.6594202898550725,0.4324206021721549,0.6469438375590562
1,275,2.581818181818182,0,0.02,geomspace,25,0.8065052894934375,0.7860408551793995,0.5865064429472353,0.7536231884057971,0.6278315147322411,0.6981059699492729
1,275,2.581818181818182,0,0.02,geomspace,50,0.8205863678566958,0.787069224747742,0.5722872749342505,0.7391304347826086,0.6346979774257715,0.7204745918800828
1,275,2.581818181818182,0,0.02,geomspace,100,0.8274093151686581,0.7874554849436387,0.5840629210480408,0.7753623188405797,0.6546940552605579,0.7120153023025894
1,275,2.581818181818182,0,0.02,geomspace,200,0.7905239185349364,0.7667404436015252,0.5419262966007792,0.7681159420289855,0.6536986039921875,0.6899060396958382
1,275,2.581818181818182,0,0.02,geomspace,400,0.8003972273373726,0.7706020734215407,0.5474517004688082,0.7608695652173914,0.6346913215920481,0.6899461304782791
1,275,2.581818181818182,0,0.02,geomspace,800,0.8031676339615424,0.7628801249443024,0.5505584467872534,0.7463768115942029,0.6188095238095237,0.6718209393652629
1,275,2.581818181818182,0,0.02,gauss,5,0.7456553333238979,0.7330339052698347,0.5162489188844305,0.6086956521739131,0.360009791795506,0.6352681128726325
1,275,2.581818181818182,0,0.02,gauss,10,0.7696059391187009,0.7467469999058234,0.5640805721750302,0.6521739130434783,0.43218076264660116,0.6438051667216035
1,275,2.581818181818182,0,0.02,gauss,25,0.8041250876016367,0.7807478452707687,0.5804714283640797,0.7463768115942029,0.6240900181336018,0.6880201181182048
1,275,2.581818181818182,0,0.02,gauss,50,0.8311141980955388,0.8076349816631184,0.6058460455123553,0.7753623188405797,0.6766769620020582,0.7231255189132637
1,275,2.581818181818182,0,0.02,gauss,100,0.8326820373053383,0.7968404384578223,0.5893999351281219,0.7898550724637681,0.6743652570746167,0.7190977494279227
1,275,2.581818181818182,0,0.02,gauss,200,0.8056237079777787,0.7691735467686984,0.563273850605469,0.7536231884057971,0.6336688503067814,0.6918813729169878
1,275,2.581818181818182,0,0.02,gauss,400,0.7976784958592052,0.7578861648469742,0.5486217782664604,0.7463768115942029,0.635675959378967,0.6755184054413975
1,275,2.581818181818182,0,0.02,gauss,800,0.7782703225654751,0.7507505368111069,0.5428494709493882,0.7463768115942029,0.6229547628069795,0.6694367891500472
1,275,2.581818181818182,0,0.05,linspace,5,0.6188588586044536,0.585582523214063,0.24931422653741042,0.5652173913043478,0.31431442919385916,0.4088389629594132
1,275,2.581818181818182,0,0.05,linspace,10,0.6442002150787101,0.6069424468293801,0.26985393658710366,0.6159420289855072,0.41648922972452385,0.4184839993785798
1,275,2.581818181818182,0,0.05,linspace,25,0.6658170825895902,0.6478859321793843,0.3894940209987478,0.6376811594202898,0.47392007459473723,0.47587126977035715
1,275,2.581818181818182,0,0.05,linspace,50,0.6788897895114805,0.6521606801437202,0.3709924403044105,0.6884057971014492,0.5589726980796842,0.4815868924895695
1,275,2.581818181818182,0,0.05,linspace,100,0.6493917505346656,0.6203029952735026,0.3305016616553252,0.6739130434782609,0.5528880574012419,0.4518881655437585
1,275,2.581818181818182,0,0.05,linspace,200,0.6391637626283654,0.6187543005210051,0.3106768267848378,0.6594202898550725,0.5608395989974937,0.4026763668138503
1,275,2.581818181818182,0,0.05,linspace,400,0.6231544191258562,0.5915602974248219,0.30484349258649096,0.6086956521739131,0.4351628530199959,0.373007023189174
1,275,2.581818181818182,0,0.05,linspace,800,0.5851852879592734,0.5697887529539437,0.2915284399581841,0.5289855072463768,0.30926650924089116,0.3498111921006967
1,275,2.581818181818182,0,0.05,geomspace,5,0.6122160173286075,0.5869184100749759,0.24015518631803023,0.572463768115942,0.29950884700232716,0.4095182499049368
1,275,2.581818181818182,0,0.05,geomspace,10,0.6352503314281941,0.5992759697411542,0.28580396984151407,0.6304347826086957,0.41686816140597655,0.4246183689033738
1,275,2.581818181818182,0,0.05,geomspace,25,0.6810627387435071,0.6516886270158754,0.4036540162617735,0.644927536231884,0.4640966913347834,0.4790400616344749
1,275,2.581818181818182,0,0.05,geomspace,50,0.682937633187343,0.6755657651692084,0.4517527674070393,0.6884057971014492,0.5867149626649077,0.48096607278105175
1,275,2.581818181818182,0,0.05,geomspace,100,0.6860521775996566,0.6627355402032664,0.3677131361615021,0.6884057971014492,0.5679466606250753,0.4690666985851257
1,275,2.581818181818182,0,0.05,geomspace,200,0.6313417932651877,0.6365277576472729,0.3801743142467663,0.717391304347826,0.617788840477916,0.444021934239266
1,275,2.581818181818182,0,0.05,geomspace,400,0.6405570386160531,0.6047091307355109,0.27568931398416885,0.6739130434782609,0.565407981374368,0.43244248366775445
1,275,2.581818181818182,0,0.05,geomspace,800,0.6367305331967705,0.6136307967622266,0.25284556794988455,0.6086956521739131,0.44113862534697174,0.40720907735714656
1,275,2.581818181818182,0,0.05,gauss,5,0.6352356995987722,0.5940661311244794,0.25539543572460277,0.5797101449275363,0.3238208710125403,0.40833967281442435
1,275,2.581818181818182,0,0.05,gauss,10,0.6413091480350156,0.6139470522220946,0.3857698490023179,0.6231884057971014,0.41059565240237506,0.4222475966477171
1,275,2.581818181818182,0,0.05,gauss,25,0.6903524162001637,0.6592913233619251,0.41315791154852194,0.6594202898550725,0.49543649044699467,0.4716466120852796
1,275,2.581818181818182,0,0.05,gauss,50,0.6814087752582468,0.6609376697966035,0.394341668942379,0.6956521739130435,0.5694705335775196,0.490119194656351
1,275,2.581818181818182,0,0.05,gauss,100,0.6922863536021432,0.6595058037259485,0.3806751988278856,0.6884057971014492,0.5717899980505023,0.4720959203298037
1,275,2.581818181818182,0,0.05,gauss,200,0.6341470007261579,0.62521318039781,0.38616025014404,0.6884057971014492,0.5894795191228771,0.4301307410254366
1,275,2.581818181818182,0,0.05,gauss,400,0.6162819653682338,0.5913972849671516,0.30245537350992907,0.6739130434782609,0.5651400604408123,0.3999079488005991
1,275,2.581818181818182,0,0.05,gauss,800,0.5879900352138978,0.570031272225998,0.2056130613624838,0.6014492753623188,0.4371242100038416,0.3701230220054101
1,275,2.581818181818182,1,0.0,linspace,5,0.9627998665185844,0.913302163321757,0.7158044202531458,0.8695652173913043,0.7385694662480377,0.9431470695503822
1,275,2.581818181818182,1,0.0,linspace,10,0.9660074366714838,0.9135651558932965,0.7200570660048595,0.8695652173913043,0.7385694662480377,0.9432713765835841
1,275,2.581818181818182,1,0.0,linspace,25,0.974505577503613,0.9347858677437613,0.777814137302355,0.9565217391304348,0.9355867346938774,0.9424463210196545
1,275,2.581818181818182,1,0.0,linspace,50,0.9660074366714839,0.9135651558932965,0.7200570660048595,0.9565217391304348,0.9355867346938774,0.9428567122452639
1,275,2.581818181818182,1,0.0,linspace,100,0.974505577503613,0.9347858677437613,0.777814137302355,0.9565217391304348,0.9355867346938774,0.9470059188989101
1,275,2.581818181818182,1,0.0,linspace,200,0.974505577503613,0.9347858677437613,0.777814137302355,0.9565217391304348,0.9355867346938774,0.9436811668754119
1,275,2.581818181818182,1,0.0,linspace,400,0.9660074366714839,0.9135651558932966,0.7200570660048595,0.9565217391304348,0.9355867346938774,0.9447728747683747
1,275,2.581818181818182,1,0.0,linspace,800,0.9627998665185844,0.913302163321757,0.7158044202531458,0.9565217391304348,0.9355867346938774,0.9520353076863727
1,275,2.581818181818182,1,0.0,geomspace,5,0.9627998665185844,0.913302163321757,0.7158044202531458,0.8695652173913043,0.7385694662480377,0.9431470695503822
1,275,2.581818181818182,1,0.0,geomspace,10,0.9660074366714838,0.9135651558932965,0.7200570660048595,0.8695652173913043,0.7385694662480377,0.9424698896376817
1,275,2.581818181818182,1,0.0,geomspace,25,0.974505577503613,0.9347858677437612,0.777814137302355,0.9347826086956522,0.8845663265306122,0.9427849518426141
1,275,2.581818181818182,1,0.0,geomspace,50,0.9660074366714839,0.9135651558932966,0.7200570660048595,0.9565217391304348,0.9355867346938774,0.9434793020607866
1,275,2.581818181818182,1,0.0,geomspace,100,0.974505577503613,0.9347858677437612,0.777814137302355,0.9565217391304348,0.9355867346938774,0.9461192231559229
1,275,2.581818181818182,1,0.0,geomspace,200,0.974505577503613,0.9347858677437613,0.777814137302355,0.9565217391304348,0.9355867346938774,0.9436301176672576
1,275,2.581818181818182,1,0.0,geomspace,400,0.9627998665185844,0.9133021633217568,0.7158044202531458,0.9565217391304348,0.9355867346938774,0.9450063388798526
1,275,2.581818181818182,1,0.0,geomspace,800,0.9627998665185844,0.913302163321757,0.7158044202531458,0.9565217391304348,0.9355867346938774,0.9441719860127883
1,275,2.581818181818182,1,0.0,gauss,5,0.9627998665185844,0.913302163321757,0.7158044202531458,0.8695652173913043,0.7385694662480377,0.9431459941189729
1,275,2.581818181818182,1,0.0,gauss,10,0.9660074366714839,0.9135651558932968,0.7200570660048595,0.8695652173913043,0.7385694662480377,0.9432713765835841
1,275,2.581818181818182,1,0.0,gauss,25,0.9660074366714838,0.9135651558932965,0.7200570660048595,0.9565217391304348,0.9355867346938774,0.9429431427268121
1,275,2.581818181818182,1,0.0,gauss,50,0.9660074366714839,0.9135651558932968,0.7200570660048595,0.9565217391304348,0.9355867346938774,0.9426135890773917
1,275,2.581818181818182,1,0.0,gauss,100,0.974505577503613,0.9347858677437613,0.777814137302355,0.9565217391304348,0.9355867346938774,0.9441377098591651
1,275,2.581818181818182,1,0.0,gauss,200,0.974505577503613,0.9347858677437612,0.777814137302355,0.9565217391304348,0.9355867346938774,0.946982844397066
1,275,2.581818181818182,1,0.0,gauss,400,0.9627998665185844,0.913302163321757,0.7158044202531458,0.9565217391304348,0.9355867346938774,0.9431238810416028
1,275,2.581818181818182,1,0.0,gauss,800,0.9660074366714839,0.9135651558932966,0.7200570660048595,0.9565217391304348,0.9355867346938774,0.94024781849103
1,275,2.581818181818182,1,0.02,linspace,5,0.7762795490464647,0.7525132350353626,0.5439276690001197,0.6811594202898551,0.48403911577723535,0.6293428212325913
1,275,2.581818181818182,1,0.02,linspace,10,0.7743287037127189,0.7545528896571037,0.5239381859095794,0.7028985507246377,0.49018888379790637,0.6443900981458975
1,275,2.581818181818182,1,0.02,linspace,25,0.7922901820664418,0.7778798707057923,0.5594104552737172,0.7898550724637681,0.6914598473422002,0.6959071097960596
1,275,2.581818181818182,1,0.02,linspace,50,0.8119174873290175,0.7924610900496787,0.5564702436654833,0.8188405797101449,0.742086617086617,0.7265867291174206
1,275,2.581818181818182,1,0.02,linspace,100,0.8104753034229423,0.7830074700255671,0.5267073086700926,0.8260869565217391,0.754375518661233,0.7065536217596107
1,275,2.581818181818182,1,0.02,linspace,200,0.7769437572754405,0.7494011383708282,0.5022342619760044,0.8043478260869565,0.7145954544098341,0.6571207873673075
1,275,2.581818181818182,1,0.02,linspace,400,0.7738842704956913,0.7447703537919897,0.517646920889879,0.7608695652173914,0.6656746196184773,0.6450061562757274
1,275,2.581818181818182,1,0.02,linspace,800,0.7778306890725141,0.7377777911246284,0.4429972551108198,0.782608695652174,0.7046153820753362,0.6440405394941863
1,275,2.581818181818182,1,0.02,geomspace,5,0.7619414801655114,0.7549637727262836,0.517312826161982,0.7028985507246377,0.504628842896153,0.6301904091325754
1,275,2.581818181818182,1,0.02,geomspace,10,0.7808903543740926,0.7568442173745288,0.5448384188776946,0.7101449275362319,0.4943412190746946,0.6449691460726422
1,275,2.581818181818182,1,0.02,geomspace,25,0.8186278857857097,0.7902358131297039,0.5759898530504267,0.7608695652173914,0.6154229378620746,0.6994207971273979
1,275,2.581818181818182,1,0.02,geomspace,50,0.7945718873153158,0.782979249670238,0.5451455090263131,0.8333333333333334,0.7478694307641677,0.7104017073517982
1,275,2.581818181818182,1,0.02,geomspace,100,0.7980782838205454,0.7936606224680891,0.7024334268949484,0.8115942028985508,0.7264753486557998,0.7057787305958049
1,275,2.581818181818182,1,0.02,geomspace,200,0.7945507648783237,0.7971820627668735,0.7085793524232129,0.8188405797101449,0.7538316602558088,0.6780108646742595
1,275,2.581818181818182,1,0.02,geomspace,400,0.7845469408548019,0.7558370786563992,0.5243052797866635,0.8043478260869565,0.7361304595822317,0.6886982701202373
1,275,2.581818181818182,1,0.02,geomspace,800,0.7848822574275344,0.7547396214325036,0.5109221673363876,0.7898550724637681,0.699229834599956,0.6688757602140977
1,275,2.581818181818182,1,0.02,gauss,5,0.7619414801655114,0.7549637727262837,0.517312826161982,0.7028985507246377,0.500347305719879,0.6290793954661166
1,275,2.581818181818182,1,0.02,gauss,10,0.7849595809241682,0.7617770731876187,0.5484578898658029,0.7101449275362319,0.4943412190746946,0.6420690948001243
1,275,2.581818181818182,1,0.02,gauss,25,0.7988081861043441,0.7740691504270524,0.5630311843128222,0.782608695652174,0.6802021618363945,0.6911285895796416
1,275,2.581818181818182,1,0.02,gauss,50,0.8261852464673384,0.8016659072531083,0.5842818506260826,0.8260869565217391,0.7520174270174271,0.7223327668728284
1,275,2.581818181818182,1,0.02,gauss,100,0.827313494341494,0.8306717870255964,0.7419680346785752,0.8260869565217391,0.7532458004262516,0.7182864272386267
1,275,2.581818181818182,1,0.02,gauss,200,0.7806721325055934,0.7620367850888047,0.5076654438944708,0.7898550724637681,0.7323295062425498,0.6787997382001197
1,275,2.581818181818182,1,0.02,gauss,400,0.7878662221749373,0.7490289883124143,0.5204587094517663,0.8043478260869565,0.7395144116172229,0.6532044393561157
1,275,2.581818181818182,1,0.02,gauss,800,0.7838116844302055,0.7423839715233679,0.45609223869102,0.7971014492753623,0.740084360489914,0.6520761707677126
1,275,2.581818181818182,1,0.05,linspace,5,0.6644283665412006,0.6331455354846686,0.35157433110861736,0.572463768115942,0.31668772463170397,0.4232682408238262
1,275,2.581818181818182,1,0.05,linspace,10,0.6451023412824916,0.6373693551342392,0.3401756400918819,0.5797101449275363,0.34134229449355497,0.4370662171714598
1,275,2.581818181818182,1,0.05,linspace,25,0.6690009570977207,0.6528691498195902,0.3318785247914035,0.644927536231884,0.4308826560927402,0.47414429041806866
1,275,2.581818181818182,1,0.05,linspace,50,0.6854887167197796,0.6755845523590676,0.4465804701504236,0.6739130434782609,0.4787381619314393,0.49675912614901646
1,275,2.581818181818182,1,0.05,linspace,100,0.6674555035444162,0.6443372982795694,0.34355942750466706,0.6594202898550725,0.4857495475667744,0.4739695410200328
1,275,2.581818181818182,1,0.05,linspace,200,0.6408094561797915,0.6080956244882124,0.25992960864507897,0.6884057971014492,0.5541262852172832,0.46305264948834135
1,275,2.581818181818182,1,0.05,linspace,400,0.63343740043126,0.6049914607742226,0.27727787889729777,0.6739130434782609,0.529251700680272,0.44539413996756666
1,275,2.581818181818182,1,0.05,linspace,800,0.6367611121074879,0.6011871653351071,0.24455887255644795,0.6014492753623188,0.43138270459699024,0.4372713266280445
1,275,2.581818181818182,1,0.05,geomspace,5,0.6434140177369302,0.6122296785382474,0.2750089942763696,0.5507246376811594,0.29788783546142666,0.4236829990574716
1,275,2.581818181818182,1,0.05,geomspace,10,0.6291962670416812,0.6156845024117062,0.3293027501676503,0.5869565217391305,0.34688913843049185,0.44107023566563996
1,275,2.581818181818182,1,0.05,geomspace,25,0.6760352205266816,0.6568721746185456,0.3651791090081243,0.644927536231884,0.41649916504584394,0.4785329816502699
1,275,2.581818181818182,1,0.05,geomspace,50,0.6696950965652487,0.6515954385866688,0.32427522558439076,0.6594202898550725,0.4585496319740018,0.4936502687033951
1,275,2.581818181818182,1,0.05,geomspace,100,0.669409288044285,0.644467936405364,0.35944169672989645,0.6956521739130435,0.5150782051951216,0.48129092067408835
1,275,2.581818181818182,1,0.05,geomspace,200,0.653768100168266,0.64322631243708,0.33878923596614413,0.6811594202898551,0.5337809077963238,0.48346642358184194
1,275,2.581818181818182,1,0.05,geomspace,400,0.6651343913603502,0.6360980763081874,0.30290527273861645,0.6739130434782609,0.5374908296651995,0.47134086175409967
1,275,2.581818181818182,1,0.05,geomspace,800,0.6481245930646614,0.6286033901216814,0.3355303377683101,0.6811594202898551,0.5287807085943731,0.44960168122380995
1,275,2.581818181818182,1,0.05,gauss,5,0.6346193845774085,0.622704735855927,0.3248854494973539,0.5507246376811594,0.29777135145556194,0.4214046764813049
1,275,2.581818181818182,1,0.05,gauss,10,0.6325057372407378,0.6125261818122316,0.289115248723724,0.6014492753623188,0.38146289800425137,0.4370477099622924
1,275,2.581818181818182,1,0.05,gauss,25,0.6767115401354274,0.6606093533550857,0.3572551004158188,0.644927536231884,0.4297190491925397,0.472720051182962
1,275,2.581818181818182,1,0.05,gauss,50,0.6787924911796185,0.66302712950821,0.39123067859847954,0.6666666666666666,0.46870414832599716,0.49630510483640655
1,275,2.581818181818182,1,0.05,gauss,100,0.6847999523006413,0.6623341816301855,0.3743474450877017,0.6739130434782609,0.4820849087155839,0.48349074067180936
1,275,2.581818181818182,1,0.05,gauss,200,0.6422524566769642,0.6263770905342034,0.32004613871335263,0.6811594202898551,0.5379253112619061,0.4786514461435042
1,275,2.581818181818182,1,0.05,gauss,400,0.6555704511515595,0.6100028136612947,0.26828670455255105,0.6811594202898551,0.5525329828901258,0.44826690709382305
1,275,2.581818181818182,1,0.05,gauss,800,0.6391864556625383,0.6030493332365686,0.26008421244641716,0.644927536231884,0.4975945156617425,0.43557454740386375
1,275,2.581818181818182,2,0.0,linspace,5,0.9627998665185844,0.913302163321757,0.7158044202531458,0.8695652173913043,0.7728786251342642,0.942458261254689
1,275,2.581818181818182,2,0.0,linspace,10,0.9660074366714838,0.9135651558932965,0.7200570660048595,0.9130434782608695,0.8406102825745683,0.9424159106736868
1,275,2.581818181818182,2,0.0,linspace,25,0.974505577503613,0.9347858677437612,0.777814137302355,0.9565217391304348,0.9355867346938774,0.9423196380020694
1,275,2.581818181818182,2,0.0,linspace,50,0.966007436671484,0.9135651558932968,0.7200570660048595,0.9565217391304348,0.9355867346938774,0.9446485052378909
1,275,2.581818181818182,2,0.0,linspace,100,0.974505577503613,0.9347858677437612,0.777814137302355,0.9565217391304348,0.9355867346938774,0.9469775575836715
1,275,2.581818181818182,2,0.0,linspace,200,0.974505577503613,0.9347858677437613,0.777814137302355,0.9565217391304348,0.9355867346938774,0.9448500248876094
1,275,2.581818181818182,2,0.0,linspace,400,0.9660074366714839,0.9135651558932966,0.7200570660048595,0.9565217391304348,0.9355867346938774,0.9465420832925675
1,275,2.581818181818182,2,0.0,linspace,800,0.9627998665185844,0.913302163321757,0.7158044202531458,0.9565217391304348,0.9346153846153847,0.9522111900059306
1,275,2.581818181818182,2,0.0,geomspace,5,0.9627998665185844,0.913302163321757,0.7158044202531458,0.8695652173913043,0.7728786251342642,0.942458261254689
1,275,2.581818181818182,2,0.0,geomspace,10,0.9660074366714838,0.9135651558932965,0.7200570660048595,0.8695652173913043,0.7728786251342642,0.9424159106736868
1,275,2.581818181818182,2,0.0,geomspace,25,0.974505577503613,0.9347858677437613,0.777814137302355,0.9565217391304348,0.9355867346938774,0.9421783683062249
1,275,2.581818181818182,2,0.0,geomspace,50,0.966007436671484,0.9135651558932968,0.7200570660048595,0.9565217391304348,0.9355867346938774,0.9449775200039767
1,275,2.581818181818182,2,0.0,geomspace,100,0.974505577503613,0.9347858677437613,0.777814137302355,0.9565217391304348,0.9355867346938774,0.9452474804532449
1,275,2.581818181818182,2,0.0,geomspace,200,0.974505577503613,0.9347858677437612,0.777814137302355,0.9565217391304348,0.9355867346938774,0.9466359038875428
1,275,2.581818181818182,2,0.0,geomspace,400,0.9627998665185844,0.913302163321757,0.7158044202531458,0.9565217391304348,0.9355867346938774,0.9466349651869786
1,275,2.581818181818182,2,0.0,geomspace,800,0.9627998665185844,0.9133021633217568,0.7158044202531458,0.9565217391304348,0.9355867346938774,0.9462326982682957
1,275,2.581818181818182,2,0.0,gauss,5,0.9627998665185844,0.9133021633217571,0.7158044202531458,0.8695652173913043,0.7728786251342642,0.9424583960727932
1,275,2.581818181818182,2,0.0,gauss,10,0.9660074366714838,0.9135651558932965,0.7200570660048595,0.8913043478260869,0.7895898744113029,0.9425451202698886
1,275,2.581818181818182,2,0.0,gauss,25,0.9660074366714838,0.9135651558932966,0.7200570660048595,0.9565217391304348,0.9355867346938774,0.9421274792639885
1,275,2.581818181818182,2,0.0,gauss,50,0.966007436671484,0.9135651558932968,0.7200570660048595,0.9565217391304348,0.9355867346938774,0.944769121951402
1,275,2.581818181818182,2,0.0,gauss,100,0.974505577503613,0.9347858677437612,0.777814137302355,0.9565217391304348,0.9355867346938774,0.9445246896688799
1,275,2.581818181818182,2,0.0,gauss,200,0.974505577503613,0.9347858677437613,0.777814137302355,0.9565217391304348,0.9355867346938774,0.951004354978354
1,275,2.581818181818182,2,0.0,gauss,400,0.9627998665185844,0.913302163321757,0.7158044202531458,0.9565217391304348,0.9355867346938774,0.9432164340663657
1,275,2.581818181818182,2,0.0,gauss,800,0.9660074366714839,0.9135651558932966,0.7200570660048595,0.9565217391304348,0.9355867346938774,0.9414882214647006
1,275,2.581818181818182,2,0.02,linspace,5,0.7552683347209079,0.7336747504843305,0.4170320670029152,0.6956521739130435,0.49435504971219263,0.6496258759957091
1,275,2.581818181818182,2,0.02,linspace,10,0.7627377553323815,0.7318590940025889,0.4383289589125276,0.7608695652173914,0.5880807097559917,0.6615523379371839
1,275,2.581818181818182,2,0.02,linspace,25,0.8148285512656243,0.7925205725652507,0.5480859684287864,0.8043478260869565,0.6964810749474614,0.7047819461192764
1,275,2.581818181818182,2,0.02,linspace,50,0.7961718781090296,0.779436291621901,0.5288121948281116,0.8260869565217391,0.7485480555858707,0.7315375640449737
1,275,2.581818181818182,2,0.02,linspace,100,0.7969245993431857,0.7750435219452705,0.5667528384156336,0.8333333333333334,0.7726085888901014,0.7197475004140426
1,275,2.581818181818182,2,0.02,linspace,200,0.7971437976352336,0.7659732817603286,0.5721359077123827,0.8333333333333334,0.773063316235585,0.7034191273787281
1,275,2.581818181818182,2,0.02,linspace,400,0.7866159083856046,0.7597299895113101,0.5832232523492609,0.8188405797101449,0.7302135626978065,0.6694953881390211
1,275,2.581818181818182,2,0.02,linspace,800,0.7736797364479887,0.7534056063515828,0.5770384034414829,0.8405797101449275,0.7820794051886489,0.6598682583404673
1,275,2.581818181818182,2,0.02,geomspace,5,0.7529192190596182,0.7297233463292649,0.42010031828320404,0.6956521739130435,0.4918825222396651,0.6499735445797697
1,275,2.581818181818182,2,0.02,geomspace,10,0.7627377553323815,0.7318590940025888,0.4383289589125276,0.717391304347826,0.5205328649525078,0.666566969428402
1,275,2.581818181818182,2,0.02,geomspace,25,0.7898731059039681,0.7759327544807493,0.5212577838377307,0.8115942028985508,0.7001980162694449,0.7058610941328456
1,275,2.581818181818182,2,0.02,geomspace,50,0.7827485081333034,0.7714472023605493,0.5571275418808805,0.8188405797101449,0.7137584404391127,0.7242389630753984
1,275,2.581818181818182,2,0.02,geomspace,100,0.802046644091266,0.781672775309361,0.6113972523359973,0.8260869565217391,0.7515263046918372,0.7181599091100241
1,275,2.581818181818182,2,0.02,geomspace,200,0.7874045480744986,0.7539145125407201,0.4747266576602493,0.8188405797101449,0.7282160300017443,0.7180687184639917
1,275,2.581818181818182,2,0.02,geomspace,400,0.7811115547605979,0.7581419132430683,0.49212411388063115,0.8260869565217391,0.7524477790508115,0.6978383955304175
1,275,2.581818181818182,2,0.02,geomspace,800,0.7723277323924657,0.7479533117471459,0.5423312000338694,0.8188405797101449,0.7329327702500885,0.6851673179147475
1,275,2.581818181818182,2,0.02,gauss,5,0.7456160630869267,0.7207876407649245,0.41272431383137875,0.6956521739130435,0.4918825222396651,0.6481154459269832
1,275,2.581818181818182,2,0.02,gauss,10,0.7401040896850081,0.722957500702533,0.3994932318853402,0.7318840579710145,0.5536503427128427,0.6624580427284509
1,275,2.581818181818182,2,0.02,gauss,25,0.7914100754252573,0.7733909095365704,0.5360702133481131,0.8115942028985508,0.6952701315130158,0.7011412923370177
1,275,2.581818181818182,2,0.02,gauss,50,0.8032819198448835,0.7873190384339678,0.5347632501640806,0.8260869565217391,0.7325676307819166,0.73150106605518
1,275,2.581818181818182,2,0.02,gauss,100,0.8098852458405489,0.7922179778947416,0.5889423555062541,0.8405797101449275,0.7684781488352918,0.7250715625827501
1,275,2.581818181818182,2,0.02,gauss,200,0.7934449121347317,0.7743557782622493,0.5815016430533858,0.8333333333333334,0.7653863543005021,0.713710408589021
1,275,2.581818181818182,2,0.02,gauss,400,0.7755193276423682,0.731317813795522,0.44008984944147644,0.8333333333333334,0.7833609135353747,0.6946450262562084
1,275,2.581818181818182,2,0.02,gauss,800,0.7784740015541747,0.733780958846358,0.45548359217154966,0.8405797101449275,0.7831028382772994,0.6826580246369508
1,275,2.581818181818182,2,0.05,linspace,5,0.6713658931202542,0.6424008158144047,0.3075466925062688,0.5362318840579711,0.2894602272727273,0.4677554666160195
1,275,2.581818181818182,2,0.05,linspace,10,0.6938083380470808,0.6691563833762552,0.45234625723332633,0.572463768115942,0.386199553135037,0.4833410429571391
1,275,2.581818181818182,2,0.05,linspace,25,0.7355140974169233,0.6959627247334262,0.40728277107753674,0.6666666666666666,0.5406831647615057,0.5266278444819493
1,275,2.581818181818182,2,0.05,linspace,50,0.7457022934619181,0.7025280721122839,0.38782652485083396,0.7246376811594203,0.6262024585757305,0.5434932295381523
1,275,2.581818181818182,2,0.05,linspace,100,0.71783579781291,0.6926874611137237,0.4418319740731508,0.7318840579710145,0.6294207206449242,0.5173843519007374
1,275,2.581818181818182,2,0.05,linspace,200,0.684080682177854,0.6648238470870568,0.41026093575989964,0.7028985507246377,0.6182905207230728,0.494755858053208
1,275,2.581818181818182,2,0.05,linspace,400,0.6768980434768005,0.6469774164000668,0.3045561449716215,0.6739130434782609,0.5910218327675013,0.4754494131464719
1,275,2.581818181818182,2,0.05,linspace,800,0.6579309721007204,0.6325646548916768,0.3249900366765819,0.6304347826086957,0.5285225696216409,0.45720714692431547
1,275,2.581818181818182,2,0.05,geomspace,5,0.6755141091113882,0.6429763525318297,0.31156909434272106,0.5434782608695652,0.2849144902716331,0.468244127558328
1,275,2.581818181818182,2,0.05,geomspace,10,0.6743244231775496,0.6502027244771528,0.31868794819768675,0.5579710144927537,0.37823882122018765,0.4855689132054195
1,275,2.581818181818182,2,0.05,geomspace,25,0.7255666569436566,0.6978623751326362,0.4216253906663117,0.6594202898550725,0.5226791449717717,0.5307615370484459
1,275,2.581818181818182,2,0.05,geomspace,50,0.7306431620171843,0.6986187630435854,0.39522435481057244,0.6739130434782609,0.5544359320080618,0.530887741232523
1,275,2.581818181818182,2,0.05,geomspace,100,0.7232293540225665,0.7004579127962031,0.4615585877057251,0.7536231884057971,0.6406398580937752,0.535095027472131
1,275,2.581818181818182,2,0.05,geomspace,200,0.7207324356386674,0.7026462167157719,0.49394914986865657,0.6884057971014492,0.5985741455673177,0.5246258506541579
1,275,2.581818181818182,2,0.05,geomspace,400,0.7207739196454982,0.6893058796686948,0.37054916296726165,0.6811594202898551,0.5723102294530866,0.5101422198281476
1,275,2.581818181818182,2,0.05,geomspace,800,0.6671797232738298,0.6519214300131092,0.39550657591301064,0.6884057971014492,0.55957276850134,0.4924559913991413
1,275,2.581818181818182,2,0.05,gauss,5,0.6713658931202542,0.6424008158144047,0.3075466925062688,0.5217391304347826,0.27762147079111366,0.4664759702417436
1,275,2.581818181818182,2,0.05,gauss,10,0.6846963016073981,0.6494847649515471,0.3493462773866229,0.572463768115942,0.4028769233838359,0.48175248041097907
1,275,2.581818181818182,2,0.05,gauss,25,0.7094592479708951,0.6710726046471919,0.3494238895813699,0.644927536231884,0.5413878666220586,0.5285499258802787
1,275,2.581818181818182,2,0.05,gauss,50,0.7341646453204165,0.7132992734024989,0.4986996619148862,0.7101449275362319,0.6230404899759738,0.540035563408186
1,275,2.581818181818182,2,0.05,gauss,100,0.7184853471692509,0.6942968900232522,0.43905573090674116,0.7681159420289855,0.6595601837998151,0.534854744198347
1,275,2.581818181818182,2,0.05,gauss,200,0.6946617366255339,0.6655037585248827,0.3538172661285253,0.7246376811594203,0.631478418873377,0.5103517252674981
1,275,2.581818181818182,2,0.05,gauss,400,0.68247021904431,0.640266844388201,0.3097110729824131,0.6884057971014492,0.5921364349935778,0.4828056846465735
1,275,2.581818181818182,2,0.05,gauss,800,0.67538274023536,0.6593668923276997,0.338482597540476,0.6739130434782609,0.5779383106450775,0.4717918830551519
1,275,2.581818181818182,3,0.0,linspace,5,0.9627998665185845,0.913302163321757,0.7158044202531458,0.8913043478260869,0.8084326387897817,0.9418420523570677
1,275,2.581818181818182,3,0.0,linspace,10,0.966007436671484,0.9135651558932966,0.7200570660048595,0.9420289855072463,0.8981435231435232,0.941950885421226
1,275,2.581818181818182,3,0.0,linspace,25,0.9745055775036129,0.934785867743761,0.777814137302355,0.9637681159420289,0.9420995670995671,0.9426733459333648
1,275,2.581818181818182,3,0.0,linspace,50,0.966007436671484,0.9135651558932966,0.7200570660048595,0.9637681159420289,0.9420995670995671,0.943079964871135
1,275,2.581818181818182,3,0.0,linspace,100,0.9745055775036129,0.934785867743761,0.777814137302355,0.9637681159420289,0.9420995670995671,0.9467834730712226
1,275,2.581818181818182,3,0.0,linspace,200,0.9745055775036129,0.934785867743761,0.777814137302355,0.9637681159420289,0.9420995670995671,0.9438834005085219
1,275,2.581818181818182,3,0.0,linspace,400,0.9627998665185845,0.9133021633217568,0.7158044202531458,0.9637681159420289,0.9420995670995671,0.9436350884984451
1,275,2.581818181818182,3,0.0,linspace,800,0.9627998665185845,0.9133021633217568,0.7158044202531458,0.9637681159420289,0.9420995670995671,0.9515680019741484
1,275,2.581818181818182,3,0.0,geomspace,5,0.9627998665185845,0.913302163321757,0.7158044202531458,0.8913043478260869,0.8084326387897817,0.9418420523570677
1,275,2.581818181818182,3,0.0,geomspace,10,0.966007436671484,0.9135651558932968,0.7200570660048595,0.8913043478260869,0.8084326387897817,0.941950885421226
1,275,2.581818181818182,3,0.0,geomspace,25,0.9745055775036129,0.934785867743761,0.777814137302355,0.9637681159420289,0.9420995670995671,0.9427869502589337
1,275,2.581818181818182,3,0.0,geomspace,50,0.966007436671484,0.9135651558932966,0.7200570660048595,0.9637681159420289,0.9420995670995671,0.942973536454869
1,275,2.581818181818182,3,0.0,geomspace,100,0.9745055775036129,0.9347858677437609,0.777814137302355,0.9637681159420289,0.9420995670995671,0.9458396534503494
1,275,2.581818181818182,3,0.0,geomspace,200,0.9745055775036129,0.934785867743761,0.777814137302355,0.9637681159420289,0.9420995670995671,0.9426757072642681
1,275,2.581818181818182,3,0.0,geomspace,400,0.9627998665185845,0.913302163321757,0.7158044202531458,0.9637681159420289,0.9420995670995671,0.9438597236712892
1,275,2.581818181818182,3,0.0,geomspace,800,0.9627998665185845,0.913302163321757,0.7158044202531458,0.9637681159420289,0.9420995670995671,0.9459116771565521
1,275,2.581818181818182,3,0.0,gauss,5,0.9627998665185845,0.9133021633217571,0.7158044202531458,0.8913043478260869,0.8084326387897817,0.941843708755096
1,275,2.581818181818182,3,0.0,gauss,10,0.9660074366714843,0.9135651558932968,0.7200570660048595,0.8913043478260869,0.8084326387897817,0.9418420523570677
1,275,2.581818181818182,3,0.0,gauss,25,0.966007436671484,0.9135651558932966,0.7200570660048595,0.9637681159420289,0.9420995670995671,0.9440836883522901
1,275,2.581818181818182,3,0.0,gauss,50,0.966007436671484,0.9135651558932966,0.7200570660048595,0.9637681159420289,0.9420995670995671,0.9421943507700197
1,275,2.581818181818182,3,0.0,gauss,100,0.9745055775036129,0.934785867743761,0.777814137302355,0.9637681159420289,0.9420995670995671,0.943900220027146
1,275,2.581818181818182,3,0.0,gauss,200,0.9745055775036129,0.9347858677437609,0.777814137302355,0.9637681159420289,0.9420995670995671,0.9471244240601953
1,275,2.581818181818182,3,0.0,gauss,400,0.9627998665185845,0.9133021633217568,0.7158044202531458,0.9637681159420289,0.9420995670995671,0.9427346947228077
1,275,2.581818181818182,3,0.0,gauss,800,0.966007436671484,0.9135651558932966,0.7200570660048595,0.9637681159420289,0.9420995670995671,0.9415923425988942
1,275,2.581818181818182,3,0.02,linspace,5,0.7495784655221808,0.725626822198985,0.5092388809807397,0.6739130434782609,0.4898660202231631,0.6380828489846277
1,275,2.581818181818182,3,0.02,linspace,10,0.7613365220716182,0.7365512546399585,0.507414836640202,0.7028985507246377,0.5580722187865045,0.6529002536565044
1,275,2.581818181818182,3,0.02,linspace,25,0.8009394400865739,0.7689198550783131,0.5594452304331572,0.7101449275362319,0.5632309489452346,0.694425204113078
1,275,2.581818181818182,3,0.02,linspace,50,0.8106843774883622,0.790322093734571,0.5469431970008535,0.7463768115942029,0.6624707963993679,0.7239182168138013
1,275,2.581818181818182,3,0.02,linspace,100,0.8077159316352778,0.7996224802712995,0.6582414184104731,0.7391304347826086,0.634587370301656,0.724981326085827
1,275,2.581818181818182,3,0.02,linspace,200,0.7708338018266588,0.7859335637615419,0.6431426401563726,0.717391304347826,0.5858783412354841,0.6905121398817642
1,275,2.581818181818182,3,0.02,linspace,400,0.7475528855675008,0.7325534534780932,0.4792971320199714,0.7101449275362319,0.5903473510616368,0.6600190087433621
1,275,2.581818181818182,3,0.02,linspace,800,0.7554741804550759,0.7254112999720107,0.47825478438941027,0.6884057971014492,0.5398193715082334,0.6461557622231269
1,275,2.581818181818182,3,0.02,geomspace,5,0.7518493645490759,0.7230643702051502,0.48708526145940917,0.6594202898550725,0.46393956572527995,0.6381868495982299
1,275,2.581818181818182,3,0.02,geomspace,10,0.761351076198293,0.7389684514644095,0.5289756542051006,0.6956521739130435,0.5521894111179825,0.6546079043145608
1,275,2.581818181818182,3,0.02,geomspace,25,0.7943906857111712,0.7643561748788114,0.5394859977690366,0.7101449275362319,0.5600846904418333,0.6957876984221593
1,275,2.581818181818182,3,0.02,geomspace,50,0.8146908945906867,0.8152773634865781,0.7281938308743401,0.7608695652173914,0.6626047893905038,0.7101013942508978
1,275,2.581818181818182,3,0.02,geomspace,100,0.8064020851405486,0.7776985180598978,0.549472223033987,0.7391304347826086,0.6215073947216805,0.7163075046720353
1,275,2.581818181818182,3,0.02,geomspace,200,0.8054157475306054,0.786382604161393,0.5422129753565507,0.717391304347826,0.580504019789734,0.7024817720226859
1,275,2.581818181818182,3,0.02,geomspace,400,0.7949342467415415,0.7656403484635768,0.5305105296745374,0.7391304347826086,0.6413279181136325,0.6949992021634501
1,275,2.581818181818182,3,0.02,geomspace,800,0.7575854151414444,0.738223752360065,0.4697078371344379,0.7246376811594203,0.618942367156653,0.6760927484855356
1,275,2.581818181818182,3,0.02,gauss,5,0.731084689806667,0.7125283251415716,0.457318308350015,0.6666666666666666,0.4758443276300418,0.633168949673224
1,275,2.581818181818182,3,0.02,gauss,10,0.7587847644030117,0.735806430050497,0.5269272532994485,0.6956521739130435,0.5460515014086442,0.6515532866674196
1,275,2.581818181818182,3,0.02,gauss,25,0.7955239107512145,0.7659816051972399,0.5545688319547378,0.7101449275362319,0.5679928537071394,0.6923312420172553
1,275,2.581818181818182,3,0.02,gauss,50,0.8045267187817702,0.7712830906337449,0.5451680113713778,0.7536231884057971,0.6677506356077786,0.7129893328254608
1,275,2.581818181818182,3,0.02,gauss,100,0.80939886514205,0.803003308477639,0.7059802136400986,0.7608695652173914,0.664493575207861,0.727353555218238
1,275,2.581818181818182,3,0.02,gauss,200,0.7779591076418964,0.7633900416846702,0.49621988069038236,0.7463768115942029,0.6454937258508687,0.7030585110059715
1,275,2.581818181818182,3,0.02,gauss,400,0.7517394669238914,0.737533308593621,0.4775898095655493,0.7318840579710145,0.6169472062329205,0.6711287576173249
1,275,2.581818181818182,3,0.02,gauss,800,0.7654201661249265,0.7511085276544521,0.5057747732220929,0.6956521739130435,0.5537222697936983,0.657092557297299
1,275,2.581818181818182,3,0.05,linspace,5,0.6874368798719706,0.6506647931651235,0.34356754072831364,0.6014492753623188,0.4014586603872318,0.49202904381362983
1,275,2.581818181818182,3,0.05,linspace,10,0.6880386657855043,0.651994312583821,0.35348430301162714,0.6594202898550725,0.5091283484776254,0.5049081335276931
1,275,2.581818181818182,3,0.05,linspace,25,0.7262052255705367,0.6922957296586413,0.3916149719976948,0.7463768115942029,0.6711618790566158,0.5631657546131557
1,275,2.581818181818182,3,0.05,linspace,50,0.7567186366034176,0.7295541237737864,0.501429496838014,0.782608695652174,0.6961341653737968,0.5876990942244728
1,275,2.581818181818182,3,0.05,linspace,100,0.7477960288566153,0.7080147610182547,0.4060414710896488,0.7391304347826086,0.651429597454943,0.5653773436588141
1,275,2.581818181818182,3,0.05,linspace,200,0.7286679689390307,0.691475279166153,0.3895598427659919,0.7028985507246377,0.6313982152000585,0.5451139115815963
1,275,2.581818181818182,3,0.05,linspace,400,0.6962256817023947,0.6487833243029891,0.31331663869080767,0.6739130434782609,0.6093056159434195,0.512248514934
1,275,2.581818181818182,3,0.05,linspace,800,0.688513107813583,0.6602916002699524,0.375393081124823,0.6304347826086957,0.5174447271676231,0.4987385618432888
1,275,2.581818181818182,3,0.05,geomspace,5,0.6935592948062925,0.6615586499346738,0.3534476481427242,0.5869565217391305,0.37788922387136664,0.4924403720556778
1,275,2.581818181818182,3,0.05,geomspace,10,0.6836662112704239,0.6540131793773509,0.35403755798959524,0.6521739130434783,0.4760389769405998,0.506082222035679
1,275,2.581818181818182,3,0.05,geomspace,25,0.7348975377734073,0.7041222142720303,0.42331399983909074,0.7318840579710145,0.6147765480277796,0.5644951604182092
1,275,2.581818181818182,3,0.05,geomspace,50,0.7393436771016157,0.7121962153150116,0.4328007133174335,0.7681159420289855,0.6772228667389958,0.5793439377838441
1,275,2.581818181818182,3,0.05,geomspace,100,0.7451133607274493,0.7063759769823216,0.42819433832162357,0.7318840579710145,0.6500933557725127,0.5684351898695229
1,275,2.581818181818182,3,0.05,geomspace,200,0.7610516644783798,0.7291881354485025,0.4925433764504057,0.7536231884057971,0.6680778595591242,0.5617696137074768
1,275,2.581818181818182,3,0.05,geomspace,400,0.7259113436792052,0.7038596697799745,0.452231027849321,0.7391304347826086,0.6464455782312927,0.5514342284541958
1,275,2.581818181818182,3,0.05,geomspace,800,0.7229614592282266,0.6806814851311278,0.3822750717634495,0.7318840579710145,0.6276635795898091,0.5315005112723078
1,275,2.581818181818182,3,0.05,gauss,5,0.7038748921440849,0.6710249360024512,0.355194432128526,0.5869565217391305,0.37278718305504016,0.4909411103518723
1,275,2.581818181818182,3,0.05,gauss,10,0.701971855668043,0.6662540998874391,0.3640437926048337,0.6376811594202898,0.4765925958322272,0.5036781500154001
1,275,2.581818181818182,3,0.05,gauss,25,0.7383166535021348,0.7036306911395127,0.46583882901721085,0.7463768115942029,0.6613708148936306,0.5594003933209982
1,275,2.581818181818182,3,0.05,gauss,50,0.7334502167986382,0.7117683649136574,0.4236106750392465,0.7681159420289855,0.673159880712574,0.5862957134336128
1,275,2.581818181818182,3,0.05,gauss,100,0.7413911897614784,0.6999329986396224,0.4061342036691766,0.7318840579710145,0.6420029790997532,0.5815817006574785
1,275,2.581818181818182,3,0.05,gauss,200,0.7337209102332803,0.707638724229417,0.38573234806963147,0.7246376811594203,0.6524634594795885,0.5578259326448285
1,275,2.581818181818182,3,0.05,gauss,400,0.6979514693911804,0.6583314686688095,0.30456492325986456,0.7391304347826086,0.6602951034987282,0.5317412391735687
1,275,2.581818181818182,3,0.05,gauss,800,0.7199169328253643,0.6823520557460698,0.40212119289103243,0.6884057971014492,0.5787240537240538,0.5161001103898278
1,275,2.581818181818182,4,0.0,linspace,5,0.9627998665185845,0.913302163321757,0.7158044202531458,0.9420289855072463,0.9083333333333333,0.9434193065696804
1,275,2.581818181818182,4,0.0,linspace,10,0.966007436671484,0.9135651558932966,0.7200570660048595,0.9565217391304348,0.9500000000000001,0.9440248977377445
1,275,2.581818181818182,4,0.0,linspace,25,0.974505577503613,0.934785867743761,0.777814137302355,0.9565217391304348,0.9500000000000001,0.9432046538069482
1,275,2.581818181818182,4,0.0,linspace,50,0.966007436671484,0.9135651558932966,0.7200570660048595,0.9565217391304348,0.9500000000000001,0.9422208850489097
1,275,2.581818181818182,4,0.0,linspace,100,0.974505577503613,0.934785867743761,0.777814137302355,0.9565217391304348,0.9500000000000001,0.9476668228059694
1,275,2.581818181818182,4,0.0,linspace,200,0.974505577503613,0.934785867743761,0.777814137302355,0.9565217391304348,0.9500000000000001,0.9447641978190843
1,275,2.581818181818182,4,0.0,linspace,400,0.966007436671484,0.9135651558932968,0.7200570660048595,0.9565217391304348,0.9500000000000001,0.9442163525214722
1,275,2.581818181818182,4,0.0,linspace,800,0.9627998665185845,0.9133021633217568,0.7158044202531458,0.9565217391304348,0.9500000000000001,0.9512873007727434
1,275,2.581818181818182,4,0.0,geomspace,5,0.9627998665185845,0.913302163321757,0.7158044202531458,0.9420289855072463,0.9083333333333333,0.9434193065696804
1,275,2.581818181818182,4,0.0,geomspace,10,0.966007436671484,0.9135651558932966,0.7200570660048595,0.9565217391304348,0.9500000000000001,0.9440248977377445
1,275,2.581818181818182,4,0.0,geomspace,25,0.974505577503613,0.934785867743761,0.777814137302355,0.9565217391304348,0.9500000000000001,0.9431719241460634
1,275,2.581818181818182,4,0.0,geomspace,50,0.966007436671484,0.9135651558932966,0.7200570660048595,0.9565217391304348,0.9500000000000001,0.9436446061823318
1,275,2.581818181818182,4,0.0,geomspace,100,0.974505577503613,0.9347858677437612,0.777814137302355,0.9565217391304348,0.9500000000000001,0.9458996068446115
1,275,2.581818181818182,4,0.0,geomspace,200,0.974505577503613,0.9347858677437612,0.777814137302355,0.9565217391304348,0.9500000000000001,0.9431971581478187
1,275,2.581818181818182,4,0.0,geomspace,400,0.9627998665185845,0.9133021633217568,0.7158044202531458,0.9565217391304348,0.9500000000000001,0.9449336134607219
1,275,2.581818181818182,4,0.0,geomspace,800,0.9627998665185845,0.913302163321757,0.7158044202531458,0.9565217391304348,0.9500000000000001,0.9449232407598523
1,275,2.581818181818182,4,0.0,gauss,5,0.9627998665185845,0.913302163321757,0.7158044202531458,0.9420289855072463,0.9083333333333333,0.9434262973940652
1,275,2.581818181818182,4,0.0,gauss,10,0.966007436671484,0.9135651558932968,0.7200570660048595,0.9565217391304348,0.9500000000000001,0.9434193065696804
1,275,2.581818181818182,4,0.0,gauss,25,0.966007436671484,0.9135651558932966,0.7200570660048595,0.9565217391304348,0.9500000000000001,0.9440312134938583
1,275,2.581818181818182,4,0.0,gauss,50,0.966007436671484,0.9135651558932966,0.7200570660048595,0.9565217391304348,0.9500000000000001,0.9430628109128332
1,275,2.581818181818182,4,0.0,gauss,100,0.974505577503613,0.9347858677437612,0.777814137302355,0.9565217391304348,0.9500000000000001,0.944836658658555
1,275,2.581818181818182,4,0.0,gauss,200,0.974505577503613,0.934785867743761,0.777814137302355,0.9565217391304348,0.9500000000000001,0.9474846875030413
1,275,2.581818181818182,4,0.0,gauss,400,0.9627998665185845,0.913302163321757,0.7158044202531458,0.9565217391304348,0.9500000000000001,0.944297592229225
1,275,2.581818181818182,4,0.0,gauss,800,0.966007436671484,0.9135651558932966,0.7200570660048595,0.9565217391304348,0.9500000000000001,0.9409596055853748
1,275,2.581818181818182,4,0.02,linspace,5,0.775390486214341,0.7481934119569222,0.521559381383134,0.6884057971014492,0.5043299396344879,0.634514300627575
1,275,2.581818181818182,4,0.02,linspace,10,0.7616958976876494,0.7348888596094152,0.5159222648892523,0.7246376811594203,0.5630769871610927,0.6400909431117445
1,275,2.581818181818182,4,0.02,linspace,25,0.7921086689716126,0.7689094270254434,0.5803067738756623,0.7971014492753623,0.6981765357658214,0.6826962956714477
1,275,2.581818181818182,4,0.02,linspace,50,0.7988406757358151,0.7737235891887452,0.5818366813945585,0.7753623188405797,0.6706713524570667,0.6993333923262062
1,275,2.581818181818182,4,0.02,linspace,100,0.8058079405042867,0.7750787853362614,0.5661070678134928,0.782608695652174,0.672960729746444,0.6791605538973403
1,275,2.581818181818182,4,0.02,linspace,200,0.7704809850536717,0.7639685581087036,0.5465549039503328,0.7753623188405797,0.6920635900601945,0.6570110237884504
1,275,2.581818181818182,4,0.02,linspace,400,0.764863344104056,0.7344003882103146,0.5320680857215135,0.7681159420289855,0.6689832973370445,0.6386057039687849
1,275,2.581818181818182,4,0.02,linspace,800,0.745952572008543,0.7214828415811764,0.5139124133227236,0.7681159420289855,0.6714858575008951,0.6210915706782204
1,275,2.581818181818182,4,0.02,geomspace,5,0.7715823650855878,0.7426744189652301,0.5196900608756732,0.6739130434782609,0.48495041363053787,0.63522469153033
1,275,2.581818181818182,4,0.02,geomspace,10,0.7544265197172797,0.739220668623393,0.49866968361097025,0.7028985507246377,0.5352874741634509,0.6442564394033932
1,275,2.581818181818182,4,0.02,geomspace,25,0.7887940526255327,0.7692809230479648,0.5764077980639976,0.7898550724637681,0.6922711811997526,0.6828294801394009
1,275,2.581818181818182,4,0.02,geomspace,50,0.803087075794013,0.793630843628062,0.728984308327148,0.782608695652174,0.6783244136815565,0.6964215119276448
1,275,2.581818181818182,4,0.02,geomspace,100,0.7773906973113349,0.7464727821788768,0.5328388153950682,0.7898550724637681,0.6902710947526617,0.6877563166405664
1,275,2.581818181818182,4,0.02,geomspace,200,0.7830300074629701,0.7682681154915977,0.5568452389271688,0.7753623188405797,0.669009816348526,0.6719419403869097
1,275,2.581818181818182,4,0.02,geomspace,400,0.7836730682588338,0.7648842825558314,0.5455371107822841,0.782608695652174,0.6956403804014505,0.6714016308588906
1,275,2.581818181818182,4,0.02,geomspace,800,0.7593659199918131,0.7528339881380878,0.5253905650883981,0.7898550724637681,0.6980161685886476,0.6521252719273606
1,275,2.581818181818182,4,0.02,gauss,5,0.765438699383419,0.7381948158561502,0.5154821942209697,0.6956521739130435,0.5069742231543474,0.6329805258227391
1,275,2.581818181818182,4,0.02,gauss,10,0.743137214127275,0.7211983511510197,0.48312149742616295,0.7101449275362319,0.545352409228386,0.6426421764241838
1,275,2.581818181818182,4,0.02,gauss,25,0.793995564139351,0.7738042139477772,0.5813066690474065,0.7898550724637681,0.6952824804164088,0.6792536496249446
1,275,2.581818181818182,4,0.02,gauss,50,0.8006973397311772,0.7801028344529934,0.5856119989286671,0.7753623188405797,0.6645489034774749,0.7021954213682645
1,275,2.581818181818182,4,0.02,gauss,100,0.8000649899410814,0.7982836739929665,0.743307173273868,0.7898550724637681,0.6868496186353329,0.6912150765096851
1,275,2.581818181818182,4,0.02,gauss,200,0.7728439213065003,0.751895963532309,0.5420123524353061,0.7898550724637681,0.6966847208091448,0.6639540790886023
1,275,2.581818181818182,4,0.02,gauss,400,0.7873823190839065,0.7571266668478656,0.5412755701943371,0.7753623188405797,0.674560759645192,0.6553103339918804
1,275,2.581818181818182,4,0.02,gauss,800,0.7636328616855282,0.7533331267052241,0.5428385698808234,0.7608695652173914,0.6899982483089443,0.6326578747017313
1,275,2.581818181818182,4,0.05,linspace,5,0.6275324913031618,0.6088612317034618,0.3414688765044384,0.5579710144927537,0.3216746187092811,0.4591098488204705
1,275,2.581818181818182,4,0.05,linspace,10,0.6543090086683158,0.6254076165772503,0.37160391658814373,0.6014492753623188,0.39047375731216477,0.4687730811082587
1,275,2.581818181818182,4,0.05,linspace,25,0.6773321883534847,0.6606935689422013,0.5021260815822003,0.6521739130434783,0.4770581285651034,0.5170484352655761
1,275,2.581818181818182,4,0.05,linspace,50,0.6964291875217906,0.6639866747883753,0.39829176391508114,0.6811594202898551,0.5534204287775716,0.5290792220860314
1,275,2.581818181818182,4,0.05,linspace,100,0.6726864645238836,0.6394538697952231,0.37413899541670564,0.6811594202898551,0.5409966402019745,0.5101246172025807
1,275,2.581818181818182,4,0.05,linspace,200,0.6680618704173008,0.6484551179792236,0.36737438733101696,0.6739130434782609,0.5303143117307766,0.4909161767750474
1,275,2.581818181818182,4,0.05,linspace,400,0.6620561459889627,0.6454054274092497,0.3887097382743119,0.6666666666666666,0.515412191863252,0.4866051865599205
1,275,2.581818181818182,4,0.05,linspace,800,0.6695043949672056,0.6401745275337416,0.39476483944210183,0.6086956521739131,0.47591474845169424,0.47479127069113713
1,275,2.581818181818182,4,0.05,geomspace,5,0.6228508652195441,0.6059414008068278,0.339996047303003,0.5869565217391305,0.36595864453007315,0.4590606145869434
1,275,2.581818181818182,4,0.05,geomspace,10,0.644654276942626,0.617149386521814,0.33302873503228403,0.6014492753623188,0.3880648319934034,0.46952786766469856
1,275,2.581818181818182,4,0.05,geomspace,25,0.6902398619645514,0.6623272574790552,0.44924349525137713,0.6739130434782609,0.4976138940424654,0.519103506676985
1,275,2.581818181818182,4,0.05,geomspace,50,0.6974407285074006,0.6592010359032138,0.39718184282659114,0.7028985507246377,0.5685217256703313,0.52754521894359
1,275,2.581818181818182,4,0.05,geomspace,100,0.6872284724357403,0.6498817188971306,0.38850992527737943,0.6956521739130435,0.558995813349388,0.515441305265498
1,275,2.581818181818182,4,0.05,geomspace,200,0.6918692775678439,0.6814540763950971,0.536512809776424,0.6666666666666666,0.5425721473381572,0.5111622200695716
1,275,2.581818181818182,4,0.05,geomspace,400,0.6770657133479298,0.6533779752850652,0.39349860612575843,0.6884057971014492,0.5562666370896184,0.513637138322248
1,275,2.581818181818182,4,0.05,geomspace,800,0.6701907947488662,0.6471718722186784,0.3804460181614358,0.6884057971014492,0.5731023988542786,0.4953976390066601
1,275,2.581818181818182,4,0.05,gauss,5,0.6275324913031618,0.6088612317034618,0.3414688765044384,0.5797101449275363,0.35547283404426266,0.45896501798875616
1,275,2.581818181818182,4,0.05,gauss,10,0.6421256944092413,0.6168664247574209,0.3616722870028034,0.6159420289855072,0.4234946448275907,0.4677978394123513
1,275,2.581818181818182,4,0.05,gauss,25,0.6889539988161894,0.6597275545341993,0.44266493577379395,0.6521739130434783,0.4609743401518597,0.5122419598407199
1,275,2.581818181818182,4,0.05,gauss,50,0.7032492020890309,0.6610437973398149,0.407835079830812,0.6884057971014492,0.5575297370410152,0.5305324164467768
1,275,2.581818181818182,4,0.05,gauss,100,0.7002106251396619,0.6779744305876467,0.4408966177409062,0.6811594202898551,0.5543102946053257,0.5238198517114389
1,275,2.581818181818182,4,0.05,gauss,200,0.6654972705486792,0.645579550114829,0.3700198617621355,0.6594202898550725,0.5113931703217417,0.502368703529749
1,275,2.581818181818182,4,0.05,gauss,400,0.6630171943454609,0.6433037246253698,0.37459962065572366,0.6594202898550725,0.5248216320020831,0.4958765667691733
1,275,2.581818181818182,4,0.05,gauss,800,0.6656398306055329,0.6389453408906635,0.39166385422653016,0.6376811594202898,0.4920315103058787,0.4928109232838459
2,425,3.223529411764706,0,0.0,linspace,5,0.9431866721061524,0.9247470315189248,0.8550280118946217,0.863849765258216,0.6964959004129511,0.9630448571253233
2,425,3.223529411764706,0,0.0,linspace,10,0.9431866721061524,0.9247470315189249,0.8550280118946217,0.8732394366197183,0.7096225587008997,0.9616544419899308
2,425,3.223529411764706,0,0.0,linspace,25,0.9431866721061524,0.9247470315189249,0.8550280118946217,0.9295774647887324,0.868279569892473,0.9620493954080961
2,425,3.223529411764706,0,0.0,linspace,50,0.9431866721061524,0.9247470315189249,0.8550280118946217,0.9295774647887324,0.868279569892473,0.961881423060539
2,425,3.223529411764706,0,0.0,linspace,100,0.9431866721061524,0.9247470315189251,0.8550280118946217,0.9530516431924883,0.9059139784946236,0.9620705278258502
2,425,3.223529411764706,0,0.0,linspace,200,0.9431866721061524,0.9247470315189249,0.8550280118946217,0.9765258215962441,0.9489247311827956,0.959935316362284
2,425,3.223529411764706,0,0.0,linspace,400,0.9431866721061524,0.9247470315189251,0.8550280118946217,0.9765258215962441,0.9489247311827956,0.9591942119757189
2,425,3.223529411764706,0,0.0,linspace,800,0.9559419033559685,0.9256765108081102,0.8728704902243462,0.9765258215962441,0.9489247311827956,0.9632061658935802
2,425,3.223529411764706,0,0.0,geomspace,5,0.9431866721061524,0.9247470315189249,0.8550280118946217,0.863849765258216,0.6943921135966817,0.9625193876782854
2,425,3.223529411764706,0,0.0,geomspace,10,0.9431866721061524,0.9247470315189249,0.8550280118946217,0.8732394366197183,0.7075187718846304,0.961427292104989
2,425,3.223529411764706,0,0.0,geomspace,25,0.9431866721061524,0.9247470315189249,0.8550280118946217,0.9154929577464789,0.8221966205837173,0.9623713971723497
2,425,3.223529411764706,0,0.0,geomspace,50,0.9431866721061524,0.9247470315189249,0.8550280118946217,0.9295774647887324,0.868279569892473,0.9632136406164586
2,425,3.223529411764706,0,0.0,geomspace,100,0.9431866721061524,0.9247470315189251,0.8550280118946217,0.9295774647887324,0.8736559139784946,0.963123748163085
2,425,3.223529411764706,0,0.0,geomspace,200,0.9431866721061524,0.9247470315189251,0.8550280118946217,0.9530516431924883,0.9059139784946236,0.9628139064930947
2,425,3.223529411764706,0,0.0,geomspace,400,0.9431866721061524,0.9247470315189251,0.8550280118946217,0.9765258215962441,0.9489247311827956,0.9603910501313563
2,425,3.223529411764706,0,0.0,geomspace,800,0.9431866721061524,0.9247470315189249,0.8550280118946217,0.9765258215962441,0.9489247311827956,0.9631889988400367
2,425,3.223529411764706,0,0.0,gauss,5,0.9431866721061524,0.9247470315189249,0.8550280118946217,0.8873239436619719,0.7266861402806103,0.9630448571253233
2,425,3.223529411764706,0,0.0,gauss,10,0.9431866721061524,0.9247470315189249,0.8550280118946217,0.8732394366197183,0.7075187718846304,0.9611307426257003
2,425,3.223529411764706,0,0.0,gauss,25,0.9431866721061524,0.9247470315189251,0.8550280118946217,0.9295774647887324,0.868279569892473,0.9621482486121108
2,425,3.223529411764706,0,0.0,gauss,50,0.9431866721061524,0.9247470315189251,0.8550280118946217,0.9530516431924883,0.9059139784946236,0.9622189379513723
2,425,3.223529411764706,0,0.0,gauss,100,0.9431866721061524,0.9247470315189248,0.8550280118946217,0.9530516431924883,0.9059139784946236,0.9620881205051134
2,425,3.223529411764706,0,0.0,gauss,200,0.9431866721061524,0.9247470315189249,0.8550280118946217,0.9530516431924883,0.9059139784946236,0.9602365148979807
2,425,3.223529411764706,0,0.0,gauss,400,0.9559419033559685,0.92567651080811,0.8728704902243462,0.9765258215962441,0.9489247311827956,0.9617334906332297
2,425,3.223529411764706,0,0.0,gauss,800,0.9431866721061524,0.9247470315189251,0.8550280118946217,0.9765258215962441,0.947702834799609,0.9590659890063805
2,425,3.223529411764706,0,0.02,linspace,5,0.7999605181339381,0.760834190259217,0.6423304948553328,0.704225352112676,0.40603680250639207,0.706191768397398
2,425,3.223529411764706,0,0.02,linspace,10,0.7828417854162146,0.7598265163736858,0.6154743168411753,0.7370892018779343,0.5058038208892099,0.7095147291174172
2,425,3.223529411764706,0,0.02,linspace,25,0.8395228063857155,0.7988524765439897,0.7066284292470522,0.8028169014084507,0.6345868182871863,0.7266791048290102
2,425,3.223529411764706,0,0.02,linspace,50,0.8296280864575332,0.7927861958884342,0.6697446370033469,0.8262910798122066,0.6940629923946969,0.7362343591258026
2,425,3.223529411764706,0,0.02,linspace,100,0.8160487241558472,0.7674946600335808,0.6507722908095704,0.8309859154929577,0.7028091979704882,0.7380039842562208
2,425,3.223529411764706,0,0.02,linspace,200,0.8163789932645785,0.7732945453026868,0.6591683508509618,0.8403755868544601,0.7205523705763012,0.7255474764337351
2,425,3.223529411764706,0,0.02,linspace,400,0.7926774294515716,0.7425085050976388,0.5842640277129243,0.8497652582159625,0.7124292249818178,0.7036614481361521
2,425,3.223529411764706,0,0.02,linspace,800,0.7804642642975042,0.730413340279391,0.5687605285095446,0.8028169014084507,0.6335387337290875,0.6745232755157128
2,425,3.223529411764706,0,0.02,geomspace,5,0.7950721755432908,0.7576009245827219,0.6385554275290509,0.676056338028169,0.3497853416100999,0.7064062804161914
2,425,3.223529411764706,0,0.02,geomspace,10,0.7880920920656375,0.763823400782233,0.6195606118761977,0.7323943661971831,0.4845881716849459,0.7120229392627715
2,425,3.223529411764706,0,0.02,geomspace,25,0.8105814352560647,0.7885547591105677,0.6529255738789952,0.7981220657276995,0.610776813517688,0.7294265343854605
2,425,3.223529411764706,0,0.02,geomspace,50,0.8314696523826625,0.7911393510806504,0.6744412105983256,0.8169014084507042,0.6805104392909516,0.7348805262590287
2,425,3.223529411764706,0,0.02,geomspace,100,0.8177213879409494,0.7717898133597633,0.6434897981169522,0.8309859154929577,0.7052056132147371,0.7433800359753691
2,425,3.223529411764706,0,0.02,geomspace,200,0.8070998139266593,0.7602980235935974,0.6097933457011514,0.8356807511737089,0.7128033917802575,0.7371642061742213
2,425,3.223529411764706,0,0.02,geomspace,400,0.806293377102084,0.763144492106157,0.6126521285282304,0.812206572769953,0.6588409474509985,0.741520572633153
2,425,3.223529411764706,0,0.02,geomspace,800,0.8009001746888906,0.7378351174419296,0.5966593478639949,0.8356807511737089,0.6815596717670451,0.7349797655600091
2,425,3.223529411764706,0,0.02,gauss,5,0.8030655428731697,0.7616879935628055,0.6444774896319829,0.6901408450704225,0.3948621917757325,0.7052040056152518
2,425,3.223529411764706,0,0.02,gauss,10,0.7825663268765286,0.7560043586374897,0.6147716063701046,0.7323943661971831,0.48268554131931746,0.7107709941060439
2,425,3.223529411764706,0,0.02,gauss,25,0.8222888332551673,0.7917579955459001,0.702931962158324,0.7934272300469484,0.6196863206245385,0.7261917466771712
2,425,3.223529411764706,0,0.02,gauss,50,0.8264413736127983,0.7846233703481877,0.6597646416379409,0.8075117370892019,0.6588723765589198,0.7380906993357368
2,425,3.223529411764706,0,0.02,gauss,100,0.8227647923569686,0.7707917777875632,0.6551031264659429,0.8356807511737089,0.70611771740804,0.7408450202199292
2,425,3.223529411764706,0,0.02,gauss,200,0.8118507267438874,0.7688155073542426,0.6411983482511902,0.8450704225352113,0.7139388517402515,0.7345047328620575
2,425,3.223529411764706,0,0.02,gauss,400,0.8123092781260484,0.7503696764361866,0.6190210848022721,0.8403755868544601,0.692153308464247,0.7261164248847909
2,425,3.223529411764706,0,0.02,gauss,800,0.789234770274216,0.7464165061502392,0.5796048848753971,0.8450704225352113,0.7009247080213431,0.7033516866531276
2,425,3.223529411764706,0,0.05,linspace,5,0.6901896345535616,0.6282646996921237,0.35703109144117895,0.6384976525821596,0.30593435484327325,0.5442187583663769
2,425,3.223529411764706,0,0.05,linspace,10,0.6891216991176649,0.6341219118365629,0.37337200174109,0.6807511737089202,0.4246197954750092,0.5497397017266917
2,425,3.223529411764706,0,0.05,linspace,25,0.7212791087823879,0.6540663678602171,0.3849618124378866,0.7183098591549296,0.5603156771377614,0.5774745371672249
2,425,3.223529411764706,0,0.05,linspace,50,0.7262361543383697,0.6546762365398469,0.4091837714778193,0.7089201877934272,0.5515321003350676,0.6047418672094871
2,425,3.223529411764706,0,0.05,linspace,100,0.7266457234542375,0.6560650371400619,0.41180265066306376,0.7230046948356808,0.5749956684887786,0.5908897735552384
2,425,3.223529411764706,0,0.05,linspace,200,0.7037280773213836,0.6347657221352736,0.36245452944562906,0.7230046948356808,0.5734903795588697,0.5520765326625661
2,425,3.223529411764706,0,0.05,linspace,400,0.6909094442882815,0.6186022212326544,0.33053799614840734,0.7323943661971831,0.5980222234881282,0.5104921178702639
2,425,3.223529411764706,0,0.05,linspace,800,0.6856928664461514,0.6042888595509965,0.33554893807839914,0.6995305164319249,0.5485699174468107,0.47152307632611073
2,425,3.223529411764706,0,0.05,geomspace,5,0.6965593512995719,0.6272332356724439,0.38456691879286514,0.6525821596244131,0.309172816921765,0.5456021074466675
2,425,3.223529411764706,0,0.05,geomspace,10,0.7042852421098917,0.6419691751277052,0.3956901862283095,0.6666666666666666,0.35584769110092734,0.5547923324908061
2,425,3.223529411764706,0,0.05,geomspace,25,0.7193897801706818,0.6616373088489251,0.4065441859288336,0.7089201877934272,0.5230117624144918,0.5868013942254124
2,425,3.223529411764706,0,0.05,geomspace,50,0.7216451334239903,0.6609426882873666,0.39210534335754993,0.7230046948356808,0.5707394312106169,0.60082618148602
2,425,3.223529411764706,0,0.05,geomspace,100,0.7327362066224453,0.6616063695629483,0.44657135929426917,0.7230046948356808,0.5522186525389574,0.6011142252615566
2,425,3.223529411764706,0,0.05,geomspace,200,0.699808801084647,0.6328239432815386,0.3256498036290985,0.7276995305164319,0.5738051610717145,0.5914594412162769
2,425,3.223529411764706,0,0.05,geomspace,400,0.7115345576554823,0.6390683965580334,0.34722855682311904,0.7276995305164319,0.6044147762990651,0.5871781199350871
2,425,3.223529411764706,0,0.05,geomspace,800,0.7143632506254721,0.6345167175180814,0.351370138569594,0.7370892018779343,0.5958200529629101,0.5706040965143574
2,425,3.223529411764706,0,0.05,gauss,5,0.6892454322681514,0.6294948796252786,0.35233345009604666,0.6384976525821596,0.3064403636984282,0.5427918747729742
2,425,3.223529411764706,0,0.05,gauss,10,0.6887483308821574,0.6363475499561113,0.3736337291063778,0.676056338028169,0.39836165922967753,0.5530688457610589
2,425,3.223529411764706,0,0.05,gauss,25,0.714443012431209,0.6583502520916604,0.4047548050999783,0.704225352112676,0.522354094655306,0.5805608294495822
2,425,3.223529411764706,0,0.05,gauss,50,0.7086009666097743,0.6413730675824937,0.3359522069272683,0.7183098591549296,0.5598270312106436,0.6043281150754058
2,425,3.223529411764706,0,0.05,gauss,100,0.7151630783840255,0.6590843237806485,0.39232428521833435,0.7183098591549296,0.5483391085100532,0.6011489390139815
2,425,3.223529411764706,0,0.05,gauss,200,0.715300613478231,0.6568948522503306,0.40242319817226746,0.7417840375586855,0.5920825929724706,0.5839634494061033
2,425,3.223529411764706,0,0.05,gauss,400,0.7017028482123994,0.6277120184890187,0.3468383331207454,0.7183098591549296,0.5787719974622948,0.5608614651919924
2,425,3.223529411764706,0,0.05,gauss,800,0.6676583403752007,0.6111731168779537,0.32007502713381253,0.7136150234741784,0.5543276127820046,0.5148384901003847
2,425,3.223529411764706,1,0.0,linspace,5,0.9431866721061526,0.9247470315189248,0.8550280118946217,0.863849765258216,0.6898303309593632,0.9627729204085442
2,425,3.223529411764706,1,0.0,linspace,10,0.9431866721061526,0.9247470315189248,0.8550280118946217,0.8826291079812206,0.7367511520737328,0.9614896313231722
2,425,3.223529411764706,1,0.0,linspace,25,0.9431866721061525,0.9247470315189248,0.8550280118946217,0.9248826291079812,0.8611751152073732,0.9620880278089462
2,425,3.223529411764706,1,0.0,linspace,50,0.9431866721061526,0.9247470315189248,0.8550280118946217,0.9248826291079812,0.8611751152073732,0.9621850422936498
2,425,3.223529411764706,1,0.0,linspace,100,0.9431866721061526,0.9247470315189249,0.8550280118946217,0.9483568075117371,0.8988095238095238,0.963332342149356
2,425,3.223529411764706,1,0.0,linspace,200,0.9431866721061526,0.9247470315189249,0.8550280118946217,0.971830985915493,0.9418202764976958,0.9600685441295317
2,425,3.223529411764706,1,0.0,linspace,400,0.9431866721061526,0.9247470315189249,0.8550280118946217,0.971830985915493,0.9418202764976958,0.9591011006199143
2,425,3.223529411764706,1,0.0,linspace,800,0.9559419033559686,0.9256765108081099,0.8728704902243462,0.971830985915493,0.9418202764976958,0.9611953517242335
2,425,3.223529411764706,1,0.0,geomspace,5,0.9431866721061526,0.9247470315189248,0.8550280118946217,0.863849765258216,0.6877265441430939,0.9627729204085442
2,425,3.223529411764706,1,0.0,geomspace,10,0.9431866721061526,0.9247470315189248,0.8550280118946217,0.8732394366197183,0.701045214719829,0.9607855591932243
2,425,3.223529411764706,1,0.0,geomspace,25,0.9431866721061526,0.9247470315189249,0.8550280118946217,0.9107981220657277,0.8150921658986175,0.9631095846770105
2,425,3.223529411764706,1,0.0,geomspace,50,0.9431866721061526,0.9247470315189249,0.8550280118946217,0.9248826291079812,0.8611751152073732,0.9626161799516699
2,425,3.223529411764706,1,0.0,geomspace,100,0.9431866721061526,0.9247470315189248,0.8550280118946217,0.9248826291079812,0.8611751152073732,0.963257938062696
2,425,3.223529411764706,1,0.0,geomspace,200,0.9431866721061526,0.9247470315189249,0.8550280118946217,0.9483568075117371,0.8988095238095238,0.9620920299544733
2,425,3.223529411764706,1,0.0,geomspace,400,0.9431866721061526,0.9247470315189249,0.8550280118946217,0.971830985915493,0.9418202764976958,0.9595177345622682
2,425,3.223529411764706,1,0.0,geomspace,800,0.9431866721061526,0.9247470315189249,0.8550280118946217,0.971830985915493,0.9560675883256529,0.9632841104614307
2,425,3.223529411764706,1,0.0,gauss,5,0.9226791033208444,0.912824887903929,0.8219795049212492,0.863849765258216,0.6898303309593632,0.9627729204085442
2,425,3.223529411764706,1,0.0,gauss,10,0.9431866721061526,0.9247470315189248,0.8550280118946217,0.8732394366197183,0.701045214719829,0.9611681057598938
2,425,3.223529411764706,1,0.0,gauss,25,0.9431866721061525,0.9247470315189249,0.8550280118946217,0.9248826291079812,0.8611751152073732,0.9628141182522022
2,425,3.223529411764706,1,0.0,gauss,50,0.9431866721061526,0.9247470315189249,0.8550280118946217,0.9248826291079812,0.8611751152073732,0.962506680194041
2,425,3.223529411764706,1,0.0,gauss,100,0.9431866721061526,0.9247470315189249,0.8550280118946217,0.9483568075117371,0.8988095238095238,0.9631208330803122
2,425,3.223529411764706,1,0.0,gauss,200,0.9431866721061526,0.9247470315189248,0.8550280118946217,0.9483568075117371,0.8988095238095238,0.9602589159973273
2,425,3.223529411764706,1,0.0,gauss,400,0.9559419033559686,0.92567651080811,0.8728704902243462,0.971830985915493,0.9418202764976958,0.9617075221836255
2,425,3.223529411764706,1,0.0,gauss,800,0.9431866721061526,0.9247470315189249,0.8550280118946217,0.971830985915493,0.9418202764976958,0.9584786259280731
2,425,3.223529411764706,1,0.02,linspace,5,0.7979228570012036,0.741334457293505,0.5623027075558663,0.7370892018779343,0.4284851274450573,0.7020520545372304
2,425,3.223529411764706,1,0.02,linspace,10,0.7873461601395974,0.7380075679811865,0.5547619690111519,0.755868544600939,0.4742596517264449,0.7036929536356904
2,425,3.223529411764706,1,0.02,linspace,25,0.804635029937622,0.7466047738372505,0.5674556143792964,0.8262910798122066,0.657219332428061,0.7242000565633514
2,425,3.223529411764706,1,0.02,linspace,50,0.8009603051033426,0.7674559350380066,0.5534497494526416,0.8544600938967136,0.7394183394606452,0.7373963675333012
2,425,3.223529411764706,1,0.02,linspace,100,0.8142064962649351,0.7597122606382812,0.566389398809657,0.8450704225352113,0.7412016019711116,0.7270776968568178
2,425,3.223529411764706,1,0.02,linspace,200,0.794442601095925,0.7588240958184728,0.5568099028186975,0.8685446009389671,0.7754952590107638,0.7062040799986308
2,425,3.223529411764706,1,0.02,linspace,400,0.7804288852692547,0.7400819690762164,0.5201909613160167,0.8497652582159625,0.7656255651047522,0.6958208142268959
2,425,3.223529411764706,1,0.02,linspace,800,0.7782482958245229,0.7207974808821804,0.4875525222817905,0.8450704225352113,0.7476956210218964,0.6641720988653306
2,425,3.223529411764706,1,0.02,geomspace,5,0.786223919808786,0.7358708640210372,0.5529124441885531,0.7323943661971831,0.4254667418696117,0.7026277873361167
2,425,3.223529411764706,1,0.02,geomspace,10,0.7893190650425578,0.7301857001030937,0.5478856695793461,0.7464788732394366,0.4458891871222777,0.7082618433049196
2,425,3.223529411764706,1,0.02,geomspace,25,0.8056325022844193,0.7473849733149796,0.5677447099494459,0.812206572769953,0.626561173382805,0.7294163765852738
2,425,3.223529411764706,1,0.02,geomspace,50,0.8147397051426296,0.7532058974444217,0.5735731097187814,0.8403755868544601,0.7012892275951589,0.7374532873298308
2,425,3.223529411764706,1,0.02,geomspace,100,0.7940361902303054,0.7568674537868184,0.5391009454864907,0.8497652582159625,0.7375996771479131,0.7402929450634905
2,425,3.223529411764706,1,0.02,geomspace,200,0.8048143868994387,0.7664449735845661,0.5650408375836636,0.8591549295774648,0.7433515491081405,0.7327700913116801
2,425,3.223529411764706,1,0.02,geomspace,400,0.8050505490297578,0.7496362322496803,0.5434642210020303,0.863849765258216,0.7885758588485793,0.7355273592894981
2,425,3.223529411764706,1,0.02,geomspace,800,0.7757634749608483,0.7095216983588526,0.5007966301427914,0.8591549295774648,0.7587424562041167,0.7230485763457278
2,425,3.223529411764706,1,0.02,gauss,5,0.7913419253322005,0.7352976152591134,0.5564509444776617,0.7323943661971831,0.4237499878947932,0.7012324363730902
2,425,3.223529411764706,1,0.02,gauss,10,0.786746193945112,0.7478446175858777,0.5313814419354858,0.755868544600939,0.472401574165974,0.7072626226359168
2,425,3.223529411764706,1,0.02,gauss,25,0.7992574895302225,0.7453900265437527,0.5632389261450486,0.8169014084507042,0.6346386872667708,0.7261433328821525
2,425,3.223529411764706,1,0.02,gauss,50,0.8221660910471132,0.7724658750382212,0.5851247430805816,0.8544600938967136,0.7372678018262364,0.7426119107150053
2,425,3.223529411764706,1,0.02,gauss,100,0.8021453971489279,0.767924391880924,0.5519825911656925,0.8591549295774648,0.7846629819803006,0.7355205242884935
2,425,3.223529411764706,1,0.02,gauss,200,0.810772066468554,0.7548684252194063,0.5803082072060197,0.8732394366197183,0.7843532469010097,0.7270259427488458
2,425,3.223529411764706,1,0.02,gauss,400,0.7907831881049194,0.7375904536015692,0.5156340560766058,0.863849765258216,0.7764333674434151,0.7125599411929726
2,425,3.223529411764706,1,0.02,gauss,800,0.7719113276171145,0.729011334489343,0.49020245699289827,0.8591549295774648,0.7842483018238144,0.6964264000620228
2,425,3.223529411764706,1,0.05,linspace,5,0.6888057891411147,0.6308380058672831,0.47051530006375086,0.6244131455399061,0.2599791176352791,0.5315624908198344
2,425,3.223529411764706,1,0.05,linspace,10,0.6947063831912427,0.630713692223281,0.4782247459664691,0.6431924882629108,0.31693209641661607,0.5337346161393556
2,425,3.223529411764706,1,0.05,linspace,25,0.7101568160204278,0.6622487646565114,0.5590070718671621,0.7183098591549296,0.5067897836805348,0.5585745868665166
2,425,3.223529411764706,1,0.05,linspace,50,0.69562393460742,0.6389403024770158,0.4085854291716146,0.7276995305164319,0.5255766634798893,0.570286719814091
2,425,3.223529411764706,1,0.05,linspace,100,0.703994712184741,0.6508929667799498,0.458728699442515,0.7136150234741784,0.5057151791063133,0.5548363487308098
2,425,3.223529411764706,1,0.05,linspace,200,0.6703364193138265,0.6100113079905111,0.3615390940531524,0.7183098591549296,0.5079649089661075,0.5252872576947855
2,425,3.223529411764706,1,0.05,linspace,400,0.672656284798156,0.6073959334347719,0.3877296216060996,0.7183098591549296,0.48122316320867553,0.48632754555892094
2,425,3.223529411764706,1,0.05,linspace,800,0.6385420315643224,0.5664060058677977,0.29619897366694525,0.6572769953051644,0.38990881373603753,0.43094354127773793
2,425,3.223529411764706,1,0.05,geomspace,5,0.6894843594194845,0.6242833630992373,0.4629051802303338,0.6197183098591549,0.23727726461598905,0.5321357037872132
2,425,3.223529411764706,1,0.05,geomspace,10,0.7003964844796838,0.6276322832059704,0.4593887197354458,0.6431924882629108,0.2935310994126664,0.5394941643687177
2,425,3.223529411764706,1,0.05,geomspace,25,0.708007165569774,0.6458575170149993,0.4865837701107483,0.6995305164319249,0.4647621171896344,0.5652141762078947
2,425,3.223529411764706,1,0.05,geomspace,50,0.7111623551823699,0.6571782976246553,0.46462983220401155,0.7089201877934272,0.4893004842462215,0.570386031101319
2,425,3.223529411764706,1,0.05,geomspace,100,0.6973886280558724,0.6282512345940972,0.4210939355366753,0.7136150234741784,0.5189067998406285,0.5692892499482174
2,425,3.223529411764706,1,0.05,geomspace,200,0.6992373950075151,0.6276254974667755,0.4042863347504385,0.7417840375586855,0.5425865316716364,0.5607455275712874
2,425,3.223529411764706,1,0.05,geomspace,400,0.6743165850090128,0.6001123844397398,0.38099105686372786,0.7276995305164319,0.49466922975668504,0.5562340588693528
2,425,3.223529411764706,1,0.05,geomspace,800,0.6556672601539113,0.5873829048880109,0.36528900345272675,0.7136150234741784,0.5098997391782197,0.5275960872363977
2,425,3.223529411764706,1,0.05,gauss,5,0.696290441814124,0.6309626849240442,0.4721149483596923,0.6197183098591549,0.23781567933577927,0.5310268174893017
2,425,3.223529411764706,1,0.05,gauss,10,0.6962749546603964,0.6322624252216216,0.4776083862954614,0.6384976525821596,0.2863205880246355,0.5374944116957907
2,425,3.223529411764706,1,0.05,gauss,25,0.7056798128467539,0.6398897568679015,0.47696867377797764,0.704225352112676,0.49310457245712336,0.5613513232353834
2,425,3.223529411764706,1,0.05,gauss,50,0.7117588327113331,0.6562840480307982,0.46643494947317915,0.7183098591549296,0.5236735327030949,0.574032883674969
2,425,3.223529411764706,1,0.05,gauss,100,0.6967715952803393,0.6428941561850667,0.43982360017514954,0.7183098591549296,0.5155936847483958,0.5678735346817445
2,425,3.223529411764706,1,0.05,gauss,200,0.6960087832818681,0.6311277834013592,0.42129513522509393,0.7276995305164319,0.5309739635771303,0.5529024113901856
2,425,3.223529411764706,1,0.05,gauss,400,0.6713664096160055,0.5966623433093098,0.3587624627867838,0.7136150234741784,0.47125523683965986,0.5313758046364733
2,425,3.223529411764706,1,0.05,gauss,800,0.6612456806639613,0.5993865409446315,0.36149675526432096,0.6713615023474179,0.3942696091106578,0.47691069414318316
2,425,3.223529411764706,2,0.0,linspace,5,0.9431866721061528,0.9247470315189251,0.8550280118946217,0.863849765258216,0.6855653668667092,0.9665451864516178
2,425,3.223529411764706,2,0.0,linspace,10,0.9431866721061528,0.9247470315189251,0.8550280118946217,0.8873239436619719,0.7767628556799063,0.9646659121454364
2,425,3.223529411764706,2,0.0,linspace,25,0.9431866721061528,0.9247470315189251,0.8550280118946217,0.9295774647887324,0.8625192012288786,0.9658350257040745
2,425,3.223529411764706,2,0.0,linspace,50,0.9431866721061528,0.9247470315189249,0.8550280118946217,0.9295774647887324,0.8625192012288786,0.9630023006174022
2,425,3.223529411764706,2,0.0,linspace,100,0.9431866721061528,0.9247470315189251,0.8550280118946217,0.9530516431924883,0.9001536098310292,0.9652195905746112
2,425,3.223529411764706,2,0.0,linspace,200,0.9431866721061528,0.9247470315189251,0.8550280118946217,0.9765258215962441,0.9431643625192012,0.9605624816086116
2,425,3.223529411764706,2,0.0,linspace,400,0.9431866721061528,0.9247470315189249,0.8550280118946217,0.9765258215962441,0.9431643625192012,0.9598230993581194
2,425,3.223529411764706,2,0.0,linspace,800,0.9559419033559687,0.92567651080811,0.8728704902243462,0.9765258215962441,0.9431643625192012,0.9618913131685654
2,425,3.223529411764706,2,0.0,geomspace,5,0.9431866721061528,0.9247470315189251,0.8550280118946217,0.863849765258216,0.6876691536829785,0.9665451864516178
2,425,3.223529411764706,2,0.0,geomspace,10,0.9431866721061528,0.9247470315189251,0.8550280118946217,0.8873239436619719,0.7767628556799063,0.964436781050598
2,425,3.223529411764706,2,0.0,geomspace,25,0.9431866721061528,0.9247470315189251,0.8550280118946217,0.9295774647887324,0.8625192012288786,0.9653303516391425
2,425,3.223529411764706,2,0.0,geomspace,50,0.9431866721061528,0.9247470315189252,0.8550280118946217,0.9295774647887324,0.8625192012288786,0.9651476060030735
2,425,3.223529411764706,2,0.0,geomspace,100,0.9431866721061528,0.9247470315189251,0.8550280118946217,0.9295774647887324,0.8678955453149002,0.9658401612031244
2,425,3.223529411764706,2,0.0,geomspace,200,0.9431866721061528,0.9247470315189252,0.8550280118946217,0.9530516431924883,0.9001536098310292,0.9636833072551232
2,425,3.223529411764706,2,0.0,geomspace,400,0.9431866721061528,0.9247470315189251,0.8550280118946217,0.9765258215962441,0.9431643625192012,0.96274736552838
2,425,3.223529411764706,2,0.0,geomspace,800,0.9431866721061528,0.9247470315189249,0.8550280118946217,0.9765258215962441,0.9607596704370897,0.9656178083954357
2,425,3.223529411764706,2,0.0,gauss,5,0.9431866721061528,0.9247470315189252,0.8550280118946217,0.863849765258216,0.6855653668667092,0.9665451864516178
2,425,3.223529411764706,2,0.0,gauss,10,0.9431866721061528,0.9247470315189251,0.8550280118946217,0.8873239436619719,0.7746590688636371,0.9646659121454364
2,425,3.223529411764706,2,0.0,gauss,25,0.9431866721061528,0.9247470315189252,0.8550280118946217,0.9295774647887324,0.8625192012288786,0.9655212097534155
2,425,3.223529411764706,2,0.0,gauss,50,0.9431866721061528,0.9247470315189252,0.8550280118946217,0.9295774647887324,0.8625192012288786,0.9625565056012778
2,425,3.223529411764706,2,0.0,gauss,100,0.9431866721061528,0.9247470315189251,0.8550280118946217,0.9530516431924883,0.9001536098310292,0.9630133186015777
2,425,3.223529411764706,2,0.0,gauss,200,0.9431866721061528,0.9247470315189252,0.8550280118946217,0.9530516431924883,0.9001536098310292,0.9598955489822141
2,425,3.223529411764706,2,0.0,gauss,400,0.9559419033559687,0.92567651080811,0.8728704902243462,0.9765258215962441,0.9431643625192012,0.9649373177965759
2,425,3.223529411764706,2,0.0,gauss,800,0.9431866721061528,0.9247470315189251,0.8550280118946217,0.9765258215962441,0.9495450785773367,0.9601683294191271
2,425,3.223529411764706,2,0.02,linspace,5,0.8002419595151874,0.7720147707246793,0.6248483131231876,0.7323943661971831,0.48559207869479515,0.717335600738374
2,425,3.223529411764706,2,0.02,linspace,10,0.8038374967497364,0.7887204857863525,0.6515360586437352,0.7699530516431925,0.5886857984244597,0.7231988159880062
2,425,3.223529411764706,2,0.02,linspace,25,0.7952904789978937,0.7815724568366046,0.598555959979106,0.812206572769953,0.6754272250804686,0.7327086096558758
2,425,3.223529411764706,2,0.02,linspace,50,0.8071269192996346,0.7757517057016539,0.6246935558485541,0.8309859154929577,0.7287215497880589,0.7515473378740156
2,425,3.223529411764706,2,0.02,linspace,100,0.8037024578770622,0.7816950088450245,0.6286010636132096,0.8262910798122066,0.7249882058670188,0.7449220243012276
2,425,3.223529411764706,2,0.02,linspace,200,0.7958288203255673,0.7751096873872652,0.6122816536446108,0.8591549295774648,0.7722761109857886,0.7358785127879005
2,425,3.223529411764706,2,0.02,linspace,400,0.8094884168900984,0.7594785464458532,0.5271070647772368,0.8497652582159625,0.7367136165098815,0.7152251925875995
2,425,3.223529411764706,2,0.02,linspace,800,0.7747395284749283,0.7180024058021516,0.4879746349873691,0.8497652582159625,0.7289297839164027,0.7114734248590626
2,425,3.223529411764706,2,0.02,geomspace,5,0.7971036278957926,0.7718818356421098,0.6202545884787529,0.7230046948356808,0.46478686957812543,0.7175838816031392
2,425,3.223529411764706,2,0.02,geomspace,10,0.8053995816543853,0.7872814107820528,0.6418507747011982,0.7699530516431925,0.5942314679793458,0.7259092344447532
2,425,3.223529411764706,2,0.02,geomspace,25,0.7904316715508118,0.7792044855316669,0.5962592154190568,0.7887323943661971,0.6364145819790982,0.7388444186716484
2,425,3.223529411764706,2,0.02,geomspace,50,0.8158639189271973,0.7867140490192845,0.634731046716639,0.8169014084507042,0.7004013226261804,0.7474120515432493
2,425,3.223529411764706,2,0.02,geomspace,100,0.7889036306041947,0.7786620197816834,0.5935315030528678,0.8403755868544601,0.7500475157308775,0.7524358001615691
2,425,3.223529411764706,2,0.02,geomspace,200,0.8014530050621625,0.7608742476695177,0.5393190268447919,0.8544600938967136,0.7643209050467118,0.7537786446338918
2,425,3.223529411764706,2,0.02,geomspace,400,0.8143191910593217,0.7913791782603745,0.6312052823827493,0.8450704225352113,0.7586760909341556,0.7443633748992525
2,425,3.223529411764706,2,0.02,geomspace,800,0.7962620599253644,0.7589353394942234,0.5953794857980174,0.863849765258216,0.766935602764026,0.7393929812330851
2,425,3.223529411764706,2,0.02,gauss,5,0.7982166372964856,0.7737836348283211,0.6340773145709837,0.7276995305164319,0.4867434076636958,0.7168281932323529
2,425,3.223529411764706,2,0.02,gauss,10,0.8029887181643918,0.7850592454957598,0.6405163995799366,0.7699530516431925,0.5877798550761201,0.7249058516781168
2,425,3.223529411764706,2,0.02,gauss,25,0.8148291406625316,0.7846230799429156,0.6356962702978162,0.8075117370892019,0.6759984909228394,0.7378876087408432
2,425,3.223529411764706,2,0.02,gauss,50,0.8171673401579261,0.7855869299821906,0.636336863888151,0.8215962441314554,0.7024637724814995,0.7492400083647611
2,425,3.223529411764706,2,0.02,gauss,100,0.8173697495723986,0.7915080775362388,0.6361986703853024,0.8215962441314554,0.7295048777259405,0.749024875013487
2,425,3.223529411764706,2,0.02,gauss,200,0.8120391132493231,0.7849458659931284,0.6206436605139773,0.8591549295774648,0.7682071960297769,0.7469753550018347
2,425,3.223529411764706,2,0.02,gauss,400,0.8014194083830499,0.7556357959308005,0.5808921179087316,0.8450704225352113,0.7471592640523033,0.7355770230620463
2,425,3.223529411764706,2,0.02,gauss,800,0.7687870154495506,0.7400317109740169,0.47992484364506827,0.8450704225352113,0.722590474208371,0.7132463481015721
2,425,3.223529411764706,2,0.05,linspace,5,0.696093427814166,0.6480302903665488,0.41410422773096867,0.6150234741784038,0.23780509652055082,0.565348135434952
2,425,3.223529411764706,2,0.05,linspace,10,0.703287393959981,0.6421222846762956,0.3903804759587161,0.647887323943662,0.34053911763821476,0.5629827666763865
2,425,3.223529411764706,2,0.05,linspace,25,0.6961846129057634,0.6426418031100505,0.39396402422279053,0.7136150234741784,0.49155469980784067,0.5734145787208478
2,425,3.223529411764706,2,0.05,linspace,50,0.7124547269420456,0.6430901709944122,0.40832144313584356,0.7230046948356808,0.5501835608648926,0.5841097298000395
2,425,3.223529411764706,2,0.05,linspace,100,0.719550852205371,0.6612118670318659,0.41109317055742806,0.7370892018779343,0.5836827981040505,0.576685097758586
2,425,3.223529411764706,2,0.05,linspace,200,0.7051016401968876,0.6283227503926531,0.3532380376102714,0.6995305164319249,0.5124160934765025,0.5426243834835457
2,425,3.223529411764706,2,0.05,linspace,400,0.7084342032046412,0.6369521932235418,0.3853888746152395,0.6854460093896714,0.5159720924237053,0.5044146652510673
2,425,3.223529411764706,2,0.05,linspace,800,0.6892069152495106,0.615316760884365,0.32985907467220793,0.676056338028169,0.48045199253602766,0.4581496839021162
2,425,3.223529411764706,2,0.05,geomspace,5,0.7041804901151884,0.6357615419310915,0.4193942293584918,0.6103286384976526,0.2225480071263886,0.5651859625503382
2,425,3.223529411764706,2,0.05,geomspace,10,0.6969532412143842,0.6452456894174176,0.402100216829846,0.6338028169014085,0.29008693672789837,0.5678353314295391
2,425,3.223529411764706,2,0.05,geomspace,25,0.7139823767137246,0.662019266053206,0.42566334958374463,0.6854460093896714,0.444368970109833,0.5803717943630515
2,425,3.223529411764706,2,0.05,geomspace,50,0.7029154782157935,0.6460878777961182,0.39557332218118935,0.704225352112676,0.5054462124567818,0.5870642702403306
2,425,3.223529411764706,2,0.05,geomspace,100,0.722251693870158,0.6586802307088943,0.4153028805363553,0.7183098591549296,0.5244003726121539,0.5873099895569859
2,425,3.223529411764706,2,0.05,geomspace,200,0.7040004388687088,0.6418286649804692,0.36044140942729325,0.7276995305164319,0.552300013056817,0.5815286080841361
2,425,3.223529411764706,2,0.05,geomspace,400,0.6876599060812689,0.629970570422044,0.3277962113868051,0.7136150234741784,0.5445387186506341,0.5763363944827619
2,425,3.223529411764706,2,0.05,geomspace,800,0.7034847711555654,0.6251272289728597,0.35536656531254013,0.704225352112676,0.5041095635389244,0.5531765505666597
2,425,3.223529411764706,2,0.05,gauss,5,0.70708187987036,0.6382269846704218,0.41986799129853286,0.6056338028169014,0.22063420806205186,0.5657324292463795
2,425,3.223529411764706,2,0.05,gauss,10,0.7049318771487402,0.6431730392471325,0.3889575612245591,0.6431924882629108,0.32877531440245117,0.5668106704033616
2,425,3.223529411764706,2,0.05,gauss,25,0.7144448090984169,0.6657767458974367,0.4470615836770803,0.7089201877934272,0.47437685167546284,0.5780080715470128
2,425,3.223529411764706,2,0.05,gauss,50,0.7108562551025541,0.6516681696543184,0.39235278065305357,0.7276995305164319,0.5612303363765163,0.5887412675697906
2,425,3.223529411764706,2,0.05,gauss,100,0.7081042245322724,0.6467462828399693,0.40152066939139247,0.7323943661971831,0.582204833594983,0.5849915036275138
2,425,3.223529411764706,2,0.05,gauss,200,0.6956024175081619,0.634793999622066,0.35026698530433,0.7276995305164319,0.5487361143790662,0.5722131144581665
2,425,3.223529411764706,2,0.05,gauss,400,0.6991478523810023,0.6231618384139689,0.33067394688615287,0.7183098591549296,0.5320016626847746,0.5466717555219864
2,425,3.223529411764706,2,0.05,gauss,800,0.6807427859629857,0.625220755868228,0.3275803632259936,0.6901408450704225,0.5016373390561034,0.5028938405557176
2,425,3.223529411764706,3,0.0,linspace,5,0.9431866721061525,0.9247470315189251,0.8550280118946217,0.8779342723004695,0.7191244239631337,0.9632929947802099
2,425,3.223529411764706,3,0.0,linspace,10,0.9431866721061525,0.9247470315189251,0.8550280118946217,0.9107981220657277,0.8418202764976959,0.9630607104401518
2,425,3.223529411764706,3,0.0,linspace,25,0.9431866721061525,0.9247470315189252,0.8550280118946217,0.9248826291079812,0.8611751152073732,0.9640041584008834
2,425,3.223529411764706,3,0.0,linspace,50,0.9431866721061525,0.9247470315189251,0.8550280118946217,0.9248826291079812,0.8611751152073732,0.9625501248699658
2,425,3.223529411764706,3,0.0,linspace,100,0.9431866721061525,0.9247470315189249,0.8550280118946217,0.9483568075117371,0.8988095238095238,0.9640856795171131
2,425,3.223529411764706,3,0.0,linspace,200,0.9431866721061525,0.9247470315189252,0.8550280118946217,0.971830985915493,0.9418202764976958,0.9608905141891768
2,425,3.223529411764706,3,0.0,linspace,400,0.9431866721061525,0.9247470315189251,0.8550280118946217,0.971830985915493,0.9418202764976958,0.9596881216976673
2,425,3.223529411764706,3,0.0,linspace,800,0.9559419033559685,0.92567651080811,0.8728704902243462,0.971830985915493,0.9418202764976958,0.9620821787978296
2,425,3.223529411764706,3,0.0,geomspace,5,0.9431866721061525,0.9247470315189249,0.8550280118946217,0.8779342723004695,0.7191244239631337,0.9632929947802099
2,425,3.223529411764706,3,0.0,geomspace,10,0.9431866721061525,0.9247470315189251,0.8550280118946217,0.8873239436619719,0.7621351766513057,0.9628332505417222
2,425,3.223529411764706,3,0.0,geomspace,25,0.9431866721061525,0.9247470315189252,0.8550280118946217,0.9248826291079812,0.8611751152073732,0.9633277351289663
2,425,3.223529411764706,3,0.0,geomspace,50,0.9431866721061525,0.9247470315189251,0.8550280118946217,0.9248826291079812,0.8611751152073732,0.9633580244762718
2,425,3.223529411764706,3,0.0,geomspace,100,0.9431866721061525,0.9247470315189251,0.8550280118946217,0.9248826291079812,0.8611751152073732,0.96328041000203
2,425,3.223529411764706,3,0.0,geomspace,200,0.9431866721061525,0.9247470315189251,0.8550280118946217,0.9483568075117371,0.8988095238095238,0.961325014016697
2,425,3.223529411764706,3,0.0,geomspace,400,0.9431866721061525,0.9247470315189251,0.8550280118946217,0.971830985915493,0.9418202764976958,0.9615590957163425
2,425,3.223529411764706,3,0.0,geomspace,800,0.9431866721061525,0.9247470315189251,0.8550280118946217,0.971830985915493,0.9418202764976958,0.9649768870138057
2,425,3.223529411764706,3,0.0,gauss,5,0.9431866721061525,0.9247470315189252,0.8550280118946217,0.8544600938967136,0.693239928645756,0.9632929947802099
2,425,3.223529411764706,3,0.0,gauss,10,0.9431866721061525,0.9247470315189249,0.8550280118946217,0.8873239436619719,0.7621351766513057,0.9620290973513271
2,425,3.223529411764706,3,0.0,gauss,25,0.9431866721061525,0.9247470315189251,0.8550280118946217,0.9483568075117371,0.8988095238095238,0.963625858296177
2,425,3.223529411764706,3,0.0,gauss,50,0.9431866721061525,0.9247470315189251,0.8550280118946217,0.9248826291079812,0.8611751152073732,0.9637955595573242
2,425,3.223529411764706,3,0.0,gauss,100,0.9431866721061525,0.9247470315189251,0.8550280118946217,0.9483568075117371,0.8988095238095238,0.9623187476679396
2,425,3.223529411764706,3,0.0,gauss,200,0.9431866721061525,0.9247470315189252,0.8550280118946217,0.9483568075117371,0.8988095238095238,0.9617949399215839
2,425,3.223529411764706,3,0.0,gauss,400,0.9559419033559685,0.92567651080811,0.8728704902243462,0.971830985915493,0.9418202764976958,0.9616894743714302
2,425,3.223529411764706,3,0.0,gauss,800,0.9431866721061525,0.9247470315189252,0.8550280118946217,0.971830985915493,0.9409429280397023,0.9604567899444911
2,425,3.223529411764706,3,0.02,linspace,5,0.7662682679356136,0.7299166283040356,0.5819522817408177,0.7417840375586855,0.48789095551947287,0.6938654404661085
2,425,3.223529411764706,3,0.02,linspace,10,0.773979310443924,0.7348478522538535,0.574264321344908,0.755868544600939,0.5457033939770726,0.7015849460235626
2,425,3.223529411764706,3,0.02,linspace,25,0.8010235828576816,0.7792227255130607,0.6590843013856056,0.7746478873239436,0.5626320171057014,0.7201990951604236
2,425,3.223529411764706,3,0.02,linspace,50,0.7908467304005016,0.7781135497159585,0.6133605385684237,0.8028169014084507,0.6321095631176283,0.7398668432463659
2,425,3.223529411764706,3,0.02,linspace,100,0.7894953984217012,0.7714250647914367,0.6079094917905475,0.812206572769953,0.654164540715609,0.7387965302756383
2,425,3.223529411764706,3,0.02,linspace,200,0.7878570183826439,0.7507479958610324,0.6092352396756093,0.8169014084507042,0.6600715275285957,0.7166776106805425
2,425,3.223529411764706,3,0.02,linspace,400,0.7979916219381228,0.7605787231364647,0.6103035632082026,0.7981220657276995,0.6414426478689744,0.6910242437923158
2,425,3.223529411764706,3,0.02,linspace,800,0.7717322212908927,0.726207924601133,0.5819123253533482,0.8075117370892019,0.6791696162411041,0.6653538717687785
2,425,3.223529411764706,3,0.02,geomspace,5,0.7578488342952221,0.7275430695579902,0.5613369293697873,0.7370892018779343,0.4790566178141674,0.6943662402290484
2,425,3.223529411764706,3,0.02,geomspace,10,0.7832552554813256,0.7385091595695054,0.5898582882439501,0.7605633802816901,0.5368639971920052,0.7027456944762822
2,425,3.223529411764706,3,0.02,geomspace,25,0.8065901008957841,0.7747079751436934,0.6725299943525997,0.7699530516431925,0.5676930070582666,0.721704201936569
2,425,3.223529411764706,3,0.02,geomspace,50,0.8039825664425433,0.7661734372994963,0.6691007742504878,0.784037558685446,0.5895534247450461,0.7341753819041449
2,425,3.223529411764706,3,0.02,geomspace,100,0.7963184600149259,0.7567776609388978,0.6335882257274186,0.812206572769953,0.6431513138898057,0.7407901969345277
2,425,3.223529411764706,3,0.02,geomspace,200,0.778905342752073,0.7588372831011126,0.5817302760072183,0.812206572769953,0.6483306813816271,0.7322372754155447
2,425,3.223529411764706,3,0.02,geomspace,400,0.7953879154189244,0.7619472141854582,0.5908546936811322,0.8215962441314554,0.6755741732642662,0.7351556352252182
2,425,3.223529411764706,3,0.02,geomspace,800,0.7793699027376044,0.731764966568019,0.6105475441248651,0.8169014084507042,0.6591340365281051,0.7216377367046641
2,425,3.223529411764706,3,0.02,gauss,5,0.774434477845616,0.73249809619327,0.5964374812176776,0.7370892018779343,0.4758308113625545,0.6926847258077224
2,425,3.223529411764706,3,0.02,gauss,10,0.7732676050863938,0.7471857043753624,0.6275265021306089,0.755868544600939,0.5336381907403923,0.700952593822207
2,425,3.223529411764706,3,0.02,gauss,25,0.7966818658210582,0.758262027562254,0.6576325099466372,0.7699530516431925,0.5585023125242328,0.719647473842436
2,425,3.223529411764706,3,0.02,gauss,50,0.7948706685228714,0.7637764175039462,0.6384760046458412,0.7981220657276995,0.6261319000331986,0.7358866649904469
2,425,3.223529411764706,3,0.02,gauss,100,0.8086184497036042,0.763045106055764,0.6424454028683889,0.812206572769953,0.6501605100986751,0.7415914871611444
2,425,3.223529411764706,3,0.02,gauss,200,0.7799429066256642,0.7575270314444033,0.5831631372589462,0.8169014084507042,0.661433466532922,0.7305604795270451
2,425,3.223529411764706,3,0.02,gauss,400,0.7921112508408498,0.754419151812473,0.6035545819912336,0.8169014084507042,0.6673493491194687,0.7214184242971129
2,425,3.223529411764706,3,0.02,gauss,800,0.7786885262703849,0.7351037813999621,0.5973974482675991,0.8075117370892019,0.6647619196177877,0.6988440977252851
2,425,3.223529411764706,3,0.05,linspace,5,0.7072446877183876,0.6437668944109343,0.45277174944040355,0.6150234741784038,0.2415967223168416,0.5309469909658738
2,425,3.223529411764706,3,0.05,linspace,10,0.7136651177958292,0.6494935397545359,0.47595434795638913,0.647887323943662,0.30392408091581136,0.5313933116651507
2,425,3.223529411764706,3,0.05,linspace,25,0.7335478708827421,0.6677456583120975,0.4911665074684751,0.7089201877934272,0.46443980750432357,0.5458106455647292
2,425,3.223529411764706,3,0.05,linspace,50,0.713719312184572,0.6532478351507113,0.37258417168163416,0.7089201877934272,0.4752701302222768,0.5671919094159836
2,425,3.223529411764706,3,0.05,linspace,100,0.7145049142610923,0.6577984736968965,0.422172046843922,0.7230046948356808,0.48773286989482023,0.5592000911800847
2,425,3.223529411764706,3,0.05,linspace,200,0.6929228063695412,0.6412589511678909,0.3940489887573012,0.7183098591549296,0.5053224016121257,0.5303358731513229
2,425,3.223529411764706,3,0.05,linspace,400,0.6863466355271776,0.6325211247857092,0.38514488665159036,0.6901408450704225,0.44945431936258656,0.509231097586656
2,425,3.223529411764706,3,0.05,linspace,800,0.6797635608341438,0.620475035683246,0.40276372900471585,0.6995305164319249,0.4249372035386862,0.4645542299784939
2,425,3.223529411764706,3,0.05,geomspace,5,0.6982255493044007,0.6227129064839447,0.3687498606146337,0.6197183098591549,0.2335963197568233,0.5313419860040052
2,425,3.223529411764706,3,0.05,geomspace,10,0.7109903167724564,0.6416519620011408,0.3923687610604113,0.6384976525821596,0.2793744876481834,0.5370385357485851
2,425,3.223529411764706,3,0.05,geomspace,25,0.7307274500515372,0.6619643787645803,0.4778809718389773,0.6948356807511737,0.439615975422427,0.5554817382812981
2,425,3.223529411764706,3,0.05,geomspace,50,0.7195521434575638,0.6634852319855526,0.4421628915164838,0.704225352112676,0.46452138708898816,0.5640134822199958
2,425,3.223529411764706,3,0.05,geomspace,100,0.7235647112798678,0.6571027016087629,0.44328433738194084,0.7089201877934272,0.4664087996997822,0.5695474028912872
2,425,3.223529411764706,3,0.05,geomspace,200,0.7161721594491967,0.6553166511898043,0.4346785422104844,0.7370892018779343,0.5163395251852065,0.5648748116016156
2,425,3.223529411764706,3,0.05,geomspace,400,0.7202927162706023,0.652466155056433,0.41118614391227326,0.7089201877934272,0.4794366739640098,0.5586537962113389
2,425,3.223529411764706,3,0.05,geomspace,800,0.71220545634261,0.6458519754635882,0.40026186731762153,0.7230046948356808,0.48078651026720703,0.5425897067731535
2,425,3.223529411764706,3,0.05,gauss,5,0.6847203991881441,0.6247521869236906,0.40979976375850913,0.6197183098591549,0.23886989244975082,0.530183974897749
2,425,3.223529411764706,3,0.05,gauss,10,0.6999945503542432,0.6345656582983192,0.43492375492000634,0.6431924882629108,0.27982906393876916,0.5360082575057106
2,425,3.223529411764706,3,0.05,gauss,25,0.716782299275553,0.668754899200098,0.4628342975357914,0.6995305164319249,0.442544588028459,0.5535171998570618
2,425,3.223529411764706,3,0.05,gauss,50,0.7325586580738471,0.6681091805853387,0.385689358114651,0.7089201877934272,0.48201269969304944,0.5677411302468978
2,425,3.223529411764706,3,0.05,gauss,100,0.7120204989174644,0.6643245136408777,0.4267910413991078,0.7136150234741784,0.4802435209114135,0.5682089534084808
2,425,3.223529411764706,3,0.05,gauss,200,0.7028818376858595,0.6462145119182704,0.4156630449315948,0.7370892018779343,0.528583603108386,0.5512173847855046
2,425,3.223529411764706,3,0.05,gauss,400,0.7214050251724201,0.6442606268399694,0.4088030247730991,0.7136150234741784,0.4820963381700271,0.5403392026064762
2,425,3.223529411764706,3,0.05,gauss,800,0.6887068915578815,0.6248597977169508,0.329470047452315,0.7136150234741784,0.4896630371963493,0.5013176049145728
2,425,3.223529411764706,4,0.0,linspace,5,0.9431866721061526,0.9247470315189251,0.8550280118946217,0.8826291079812206,0.7262288786482335,0.9640241200002091
2,425,3.223529411764706,4,0.0,linspace,10,0.9431866721061526,0.9247470315189251,0.8550280118946217,0.9014084507042254,0.80284178187404,0.9620424923350158
2,425,3.223529411764706,4,0.0,linspace,25,0.9431866721061526,0.9247470315189251,0.8550280118946217,0.9248826291079812,0.8602977667493797,0.9629721771867461
2,425,3.223529411764706,4,0.0,linspace,50,0.9431866721061526,0.9247470315189251,0.8550280118946217,0.9248826291079812,0.8602977667493797,0.9616194777572195
2,425,3.223529411764706,4,0.0,linspace,100,0.9431866721061526,0.9247470315189251,0.8550280118946217,0.9483568075117371,0.8979321753515302,0.963357434320806
2,425,3.223529411764706,4,0.0,linspace,200,0.9431866721061526,0.9247470315189251,0.8550280118946217,0.971830985915493,0.9409429280397024,0.9595381892757111
2,425,3.223529411764706,4,0.0,linspace,400,0.9431866721061526,0.9247470315189251,0.8550280118946217,0.971830985915493,0.9409429280397024,0.9590419380319436
2,425,3.223529411764706,4,0.0,linspace,800,0.9559419033559687,0.9256765108081101,0.8728704902243462,0.971830985915493,0.9409429280397024,0.9626219892685509
2,425,3.223529411764706,4,0.0,geomspace,5,0.9431866721061526,0.9247470315189251,0.8550280118946217,0.8826291079812206,0.7262288786482335,0.9640241200002091
2,425,3.223529411764706,4,0.0,geomspace,10,0.9431866721061526,0.9247470315189252,0.8550280118946217,0.892018779342723,0.7692396313364054,0.961821061392768
2,425,3.223529411764706,4,0.0,geomspace,25,0.9431866721061526,0.9247470315189251,0.8550280118946217,0.9248826291079812,0.8602977667493797,0.963836340265779
2,425,3.223529411764706,4,0.0,geomspace,50,0.9431866721061526,0.9247470315189251,0.8550280118946217,0.9248826291079812,0.8602977667493797,0.9642098416035785
2,425,3.223529411764706,4,0.0,geomspace,100,0.9431866721061526,0.9247470315189251,0.8550280118946217,0.9248826291079812,0.8656741108354011,0.962579916315252
2,425,3.223529411764706,4,0.0,geomspace,200,0.9431866721061526,0.9247470315189252,0.8550280118946217,0.9483568075117371,0.8979321753515302,0.961093005966424
2,425,3.223529411764706,4,0.0,geomspace,400,0.9431866721061526,0.9247470315189251,0.8550280118946217,0.971830985915493,0.9409429280397024,0.9592455460719584
2,425,3.223529411764706,4,0.0,geomspace,800,0.9431866721061526,0.9247470315189252,0.8550280118946217,0.971830985915493,0.9409429280397024,0.9646139762355179
2,425,3.223529411764706,4,0.0,gauss,5,0.9431866721061526,0.9247470315189252,0.8550280118946217,0.8826291079812206,0.7262288786482335,0.9635467887428896
2,425,3.223529411764706,4,0.0,gauss,10,0.9431866721061526,0.9247470315189249,0.8550280118946217,0.892018779342723,0.7692396313364054,0.9618862092894498
2,425,3.223529411764706,4,0.0,gauss,25,0.9431866721061526,0.9247470315189251,0.8550280118946217,0.9248826291079812,0.8602977667493797,0.9638652153458711
2,425,3.223529411764706,4,0.0,gauss,50,0.9431866721061526,0.9247470315189251,0.8550280118946217,0.9248826291079812,0.8602977667493797,0.9628901732052882
2,425,3.223529411764706,4,0.0,gauss,100,0.9431866721061526,0.9247470315189251,0.8550280118946217,0.9483568075117371,0.8979321753515302,0.9634983845494854
2,425,3.223529411764706,4,0.0,gauss,200,0.9431866721061526,0.9247470315189251,0.8550280118946217,0.9483568075117371,0.8979321753515302,0.9611677899282657
2,425,3.223529411764706,4,0.0,gauss,400,0.9431866721061526,0.9247470315189251,0.8550280118946217,0.971830985915493,0.9409429280397024,0.9621393850839377
2,425,3.223529411764706,4,0.0,gauss,800,0.9431866721061526,0.9247470315189249,0.8550280118946217,0.971830985915493,0.9409429280397024,0.9590828283970056
2,425,3.223529411764706,4,0.02,linspace,5,0.8005790838981108,0.7526821711533656,0.5792216253896311,0.7652582159624414,0.5326048105995466,0.7443578011672475
2,425,3.223529411764706,4,0.02,linspace,10,0.8017110964713775,0.7651881544076142,0.6157797160010425,0.7981220657276995,0.6016862170087977,0.7475179162369688
2,425,3.223529411764706,4,0.02,linspace,25,0.8074851804394341,0.792557776353131,0.623768307943735,0.8403755868544601,0.6937105485455418,0.770182575566135
2,425,3.223529411764706,4,0.02,linspace,50,0.8371949575914033,0.7970589197373673,0.6624374690295367,0.8356807511737089,0.7068883156574574,0.7814651113784077
2,425,3.223529411764706,4,0.02,linspace,100,0.8271857379933505,0.7608987643920367,0.5900199259195873,0.8403755868544601,0.721451566968256,0.7738634744278654
2,425,3.223529411764706,4,0.02,linspace,200,0.7931846262863288,0.7552113414972084,0.5649453483086663,0.8497652582159625,0.7560585937276275,0.7515376200189816
2,425,3.223529411764706,4,0.02,linspace,400,0.8011011233491994,0.7732900356588738,0.6001617942479024,0.8450704225352113,0.7506417641498286,0.7222318851957478
2,425,3.223529411764706,4,0.02,linspace,800,0.7750056374076297,0.7195231973776371,0.5509935004103409,0.8450704225352113,0.7468290559401641,0.6816497540237301
2,425,3.223529411764706,4,0.02,geomspace,5,0.8005790838981108,0.7526821711533656,0.5792216253896311,0.7699530516431925,0.5444628926839553,0.7448472003101998
2,425,3.223529411764706,4,0.02,geomspace,10,0.8022778895881466,0.7728738724482368,0.6491185385831526,0.7887323943661971,0.574355137949608,0.7495324940219269
2,425,3.223529411764706,4,0.02,geomspace,25,0.813793322459524,0.8040733286831849,0.6478091083757914,0.8356807511737089,0.6741121958826731,0.7724852021594392
2,425,3.223529411764706,4,0.02,geomspace,50,0.8324777387480538,0.8030675918116877,0.6591199127339922,0.8403755868544601,0.7104476067707473,0.7830578611959401
2,425,3.223529411764706,4,0.02,geomspace,100,0.8052206951922533,0.7603735522274512,0.5560567546840962,0.8450704225352113,0.7207522662689553,0.7798047923009033
2,425,3.223529411764706,4,0.02,geomspace,200,0.8083998306783498,0.7637765440439402,0.5761507023900053,0.8450704225352113,0.7439646040991366,0.7657781508412619
2,425,3.223529411764706,4,0.02,geomspace,400,0.8307386711102468,0.7825446109135532,0.6309819432631553,0.8450704225352113,0.733174505985566,0.7668547344260171
2,425,3.223529411764706,4,0.02,geomspace,800,0.7957373434589768,0.7335860205100802,0.5751412585537694,0.8544600938967136,0.7531854107988233,0.7458851985125972
2,425,3.223529411764706,4,0.02,gauss,5,0.7984273682790383,0.7526824370813289,0.5785989665932935,0.7699530516431925,0.5444628926839553,0.7445702503912955
2,425,3.223529411764706,4,0.02,gauss,10,0.8109318754813027,0.7759675404291208,0.639923584296317,0.7981220657276995,0.6033619606200251,0.7449889903849137
2,425,3.223529411764706,4,0.02,gauss,25,0.8002306993970074,0.7887509566111445,0.6246165149290154,0.8356807511737089,0.6803173109587558,0.7688370937645811
2,425,3.223529411764706,4,0.02,gauss,50,0.8117501656943185,0.790300828870209,0.624379317646298,0.8497652582159625,0.7359070311969103,0.7851017203677098
2,425,3.223529411764706,4,0.02,gauss,100,0.8088913309579456,0.7643377699059631,0.5529026085826153,0.8403755868544601,0.721451566968256,0.7782819742684279
2,425,3.223529411764706,4,0.02,gauss,200,0.81947052158763,0.7787588100954987,0.6138348999643847,0.8403755868544601,0.7555388625627351,0.7601689521850331
2,425,3.223529411764706,4,0.02,gauss,400,0.80140223852905,0.7520242696578802,0.5726709149208128,0.8544600938967136,0.7673603193458236,0.752884577727854
2,425,3.223529411764706,4,0.02,gauss,800,0.7814365019927038,0.7442918714739657,0.5494901248929196,0.8403755868544601,0.7435274427881954,0.719775646308696
2,425,3.223529411764706,4,0.05,linspace,5,0.6999320683452284,0.6512088264591177,0.42141034208432776,0.647887323943662,0.28167701715087007,0.5652744968941424
2,425,3.223529411764706,4,0.05,linspace,10,0.7029990001119905,0.6586779594145932,0.4292922646427915,0.6713615023474179,0.3502953959824036,0.5652656836446525
2,425,3.223529411764706,4,0.05,linspace,25,0.713397364819611,0.6578753378170481,0.4046900422341295,0.704225352112676,0.43449472849261317,0.5806657314910352
2,425,3.223529411764706,4,0.05,linspace,50,0.7173567732785965,0.6608334978555298,0.41477215766726205,0.7417840375586855,0.5305336604153765,0.5919687276949633
2,425,3.223529411764706,4,0.05,linspace,100,0.7065048144891165,0.6474342005054095,0.36685467570549785,0.7183098591549296,0.5100466223854367,0.5796262505013858
2,425,3.223529411764706,4,0.05,linspace,200,0.7019376366915866,0.6321102993599218,0.35891156077677866,0.7370892018779343,0.5321974436962634,0.5551727989927031
2,425,3.223529411764706,4,0.05,linspace,400,0.6799002228707995,0.6159086409882557,0.29438680061389927,0.7276995305164319,0.48717236896840455,0.5085576630935557
2,425,3.223529411764706,4,0.05,linspace,800,0.6785978177726304,0.6154962102726186,0.3371222698886907,0.7089201877934272,0.48027889976509686,0.47454595254825516
2,425,3.223529411764706,4,0.05,geomspace,5,0.6917494582594201,0.6396868150307079,0.40032434352372287,0.6525821596244131,0.28311953741758333,0.5656755064311613
2,425,3.223529411764706,4,0.05,geomspace,10,0.7030572674377229,0.6540019268917293,0.4246738701187017,0.6572769953051644,0.30487722942780343,0.5693637115269363
2,425,3.223529411764706,4,0.05,geomspace,25,0.7206768981930597,0.6657724379570219,0.43634591734577055,0.6948356807511737,0.4000684302760849,0.587134629222988
2,425,3.223529411764706,4,0.05,geomspace,50,0.710348177970499,0.6562349440199032,0.4051945726418279,0.7230046948356808,0.4816170806591051,0.5913620832250275
2,425,3.223529411764706,4,0.05,geomspace,100,0.698484980307051,0.6415226773781907,0.3606769877910625,0.7230046948356808,0.5063730436765,0.5956233224617096
2,425,3.223529411764706,4,0.05,geomspace,200,0.6928536451486158,0.6386188590104906,0.35220960573350785,0.7417840375586855,0.5300015213390509,0.5862655491450726
2,425,3.223529411764706,4,0.05,geomspace,400,0.7078234168518448,0.6503556608778153,0.3784834600750692,0.7323943661971831,0.5200615473733754,0.5784376070821653
2,425,3.223529411764706,4,0.05,geomspace,800,0.7067564853518655,0.6289861159218886,0.3817988297030738,0.7230046948356808,0.49443120269537516,0.565813890694786
2,425,3.223529411764706,4,0.05,gauss,5,0.6913471859401629,0.639193713867232,0.4016851257353076,0.6572769953051644,0.2933535665130925,0.5642732675267712
2,425,3.223529411764706,4,0.05,gauss,10,0.7151839821578178,0.6519231952370842,0.44856622787347983,0.6572769953051644,0.315172174183165,0.5683165689852249
2,425,3.223529411764706,4,0.05,gauss,25,0.7027156405955108,0.6549527344079981,0.4067486610077435,0.6995305164319249,0.4318126531740613,0.5847732884638914
2,425,3.223529411764706,4,0.05,gauss,50,0.716575889793143,0.6609800076546858,0.4257101640825737,0.7370892018779343,0.5116572785564458,0.5930919048881595
2,425,3.223529411764706,4,0.05,gauss,100,0.7072932472426628,0.6609885539242797,0.4140161258476569,0.7276995305164319,0.5188930417943243,0.5914317528969244
2,425,3.223529411764706,4,0.05,gauss,200,0.68913000045502,0.630298896062495,0.34504769765283455,0.7276995305164319,0.529810810661402,0.5781132309134681
2,425,3.223529411764706,4,0.05,gauss,400,0.7007038024930377,0.6286239091652972,0.3669160787664832,0.7417840375586855,0.534423404422049,0.5621652945940654
2,425,3.223529411764706,4,0.05,gauss,800,0.6756930072047025,0.6223100390009803,0.3321805149665271,0.7323943661971831,0.5093189297475038,0.5160567555181363
3,615,3.83739837398374,0,0.0,linspace,5,0.9495136833233825,0.9356969012094588,0.9471736669942153,0.8474025974025974,0.6151559695085465,0.9283784767099971
3,615,3.83739837398374,0,0.0,linspace,10,0.9495136833233825,0.9356969012094589,0.9471736669942153,0.8636363636363636,0.6567233635546541,0.9280765216834099
3,615,3.83739837398374,0,0.0,linspace,25,0.9495136833233825,0.9356969012094587,0.9471736669942153,0.8928571428571429,0.7650144532698924,0.927445012505989
3,615,3.83739837398374,0,0.0,linspace,50,0.942741615096056,0.935264889836707,0.9402900309636061,0.9025974025974026,0.7956349206349206,0.9251701929791446
3,615,3.83739837398374,0,0.0,linspace,100,0.942741615096056,0.935264889836707,0.9402900309636061,0.9025974025974026,0.7970354808590102,0.9259183715070336
3,615,3.83739837398374,0,0.0,linspace,200,0.942741615096056,0.935264889836707,0.9402900309636061,0.9188311688311688,0.8264472455648926,0.9258616240246298
3,615,3.83739837398374,0,0.0,linspace,400,0.942741615096056,0.935264889836707,0.9402900309636061,0.9188311688311688,0.8264472455648926,0.9261330709343557
3,615,3.83739837398374,0,0.0,linspace,800,0.942741615096056,0.935264889836707,0.9402900309636061,0.935064935064935,0.8578197945845005,0.9248151833828739
3,615,3.83739837398374,0,0.0,geomspace,5,0.942741615096056,0.935264889836707,0.9402900309636061,0.8474025974025974,0.6158193927725889,0.9283784767099971
3,615,3.83739837398374,0,0.0,geomspace,10,0.942741615096056,0.935264889836707,0.9402900309636061,0.8571428571428571,0.638328071802961,0.9283025657297103
3,615,3.83739837398374,0,0.0,geomspace,25,0.9495136833233825,0.9356969012094588,0.9471736669942153,0.8831168831168831,0.7349392652999676,0.9290042111992214
3,615,3.83739837398374,0,0.0,geomspace,50,0.942741615096056,0.935264889836707,0.9402900309636061,0.8928571428571429,0.7650144532698925,0.9268771379262626
3,615,3.83739837398374,0,0.0,geomspace,100,0.942741615096056,0.935264889836707,0.9402900309636061,0.9025974025974026,0.7956349206349206,0.9280152856319169
3,615,3.83739837398374,0,0.0,geomspace,200,0.942741615096056,0.935264889836707,0.9402900309636061,0.9188311688311688,0.8264472455648926,0.9255814644962201
3,615,3.83739837398374,0,0.0,geomspace,400,0.942741615096056,0.935264889836707,0.9402900309636061,0.935064935064935,0.8578197945845005,0.9262846417561229
3,615,3.83739837398374,0,0.0,geomspace,800,0.942741615096056,0.935264889836707,0.9402900309636061,0.935064935064935,0.8578197945845005,0.927522088980043
3,615,3.83739837398374,0,0.0,gauss,5,0.9495136833233825,0.9356969012094588,0.9471736669942153,0.8474025974025974,0.6151559695085465,0.9283784767099971
3,615,3.83739837398374,0,0.0,gauss,10,0.942741615096056,0.935264889836707,0.9402900309636061,0.8571428571428571,0.638328071802961,0.9280780604327583
3,615,3.83739837398374,0,0.0,gauss,25,0.942741615096056,0.935264889836707,0.9402900309636061,0.8831168831168831,0.7349392652999676,0.9289472301592036
3,615,3.83739837398374,0,0.0,gauss,50,0.942741615096056,0.9352648898367071,0.9402900309636061,0.9025974025974026,0.7956349206349206,0.9272512849545165
3,615,3.83739837398374,0,0.0,gauss,100,0.942741615096056,0.935264889836707,0.9402900309636061,0.9025974025974026,0.7970354808590102,0.9265920503417834
3,615,3.83739837398374,0,0.0,gauss,200,0.942741615096056,0.935264889836707,0.9402900309636061,0.9188311688311688,0.8264472455648926,0.9258664351174708
3,615,3.83739837398374,0,0.0,gauss,400,0.942741615096056,0.935264889836707,0.9402900309636061,0.9188311688311688,0.8264472455648926,0.9263278729316167
3,615,3.83739837398374,0,0.0,gauss,800,0.942741615096056,0.935264889836707,0.9402900309636061,0.935064935064935,0.8578197945845005,0.9249704213190485
3,615,3.83739837398374,0,0.02,linspace,5,0.7821586612480543,0.7741790471465634,0.7419298342425857,0.75,0.3538686532094408,0.7244566601750287
3,615,3.83739837398374,0,0.02,linspace,10,0.7835090379158199,0.7812204552682134,0.7460848753929968,0.775974025974026,0.43742498529651347,0.724425050568044
3,615,3.83739837398374,0,0.02,linspace,25,0.7968249044628489,0.7835167272492591,0.7575122607587085,0.8116883116883117,0.5341054435169329,0.7292558227705533
3,615,3.83739837398374,0,0.02,linspace,50,0.7899607438874489,0.7620164665882022,0.7129665655907608,0.8344155844155844,0.6071545817477817,0.7411415252694472
3,615,3.83739837398374,0,0.02,linspace,100,0.7863203469674068,0.7614922566824476,0.7129912609951581,0.8344155844155844,0.6032455339410165,0.7394800625062584
3,615,3.83739837398374,0,0.02,linspace,200,0.7857592984823699,0.7367045049217372,0.6952277751087802,0.8506493506493507,0.6424212459143136,0.7336132266993269
3,615,3.83739837398374,0,0.02,linspace,400,0.7976781375980336,0.7425031517651894,0.7230624839482477,0.8474025974025974,0.6566111234523181,0.7243228864223371
3,615,3.83739837398374,0,0.02,linspace,800,0.8013867617081614,0.7520891955722843,0.7019637836501286,0.8409090909090909,0.6430074944836637,0.7071653905747004
3,615,3.83739837398374,0,0.02,geomspace,5,0.7813892556926484,0.7353545619499833,0.5486652680599733,0.7435064935064936,0.3434382434056461,0.7248147178243455
3,615,3.83739837398374,0,0.02,geomspace,10,0.7873600201575907,0.7736404699034761,0.7257493607947622,0.775974025974026,0.43159350452300177,0.7273587940339739
3,615,3.83739837398374,0,0.02,geomspace,25,0.7932295092119075,0.7863373139652021,0.7482273683509516,0.801948051948052,0.48875357858685325,0.7379685909673728
3,615,3.83739837398374,0,0.02,geomspace,50,0.7976172421701848,0.7900896594883594,0.7498942304296229,0.8311688311688312,0.5987757391285746,0.7404683043183491
3,615,3.83739837398374,0,0.02,geomspace,100,0.7891038469629228,0.7632645848080104,0.6907342176963237,0.827922077922078,0.610100222796259,0.7483158832803376
3,615,3.83739837398374,0,0.02,geomspace,200,0.8140619466762535,0.7735259623201419,0.7243994222201764,0.8474025974025974,0.6547159847545575,0.7454714890444217
3,615,3.83739837398374,0,0.02,geomspace,400,0.8027782080548302,0.7366510833981346,0.7110722637919993,0.8409090909090909,0.6306246542097065,0.7396042160402879
3,615,3.83739837398374,0,0.02,geomspace,800,0.8125026755231016,0.7682939785689906,0.7218972302062845,0.8441558441558441,0.6461306350306533,0.7365606303504728
3,615,3.83739837398374,0,0.02,gauss,5,0.7767656046931678,0.7534860723802934,0.6910145719179028,0.75,0.3609978427154407,0.7243138908068608
3,615,3.83739837398374,0,0.02,gauss,10,0.7852045852191754,0.7725525945002315,0.7438469036873085,0.7694805194805194,0.4223993510011023,0.7262187097245145
3,615,3.83739837398374,0,0.02,gauss,25,0.7911486735033201,0.7745124666438967,0.7388244192329895,0.8051948051948052,0.510351914891072,0.7381520314957309
3,615,3.83739837398374,0,0.02,gauss,50,0.7897458007421954,0.777515434409172,0.7435451864446595,0.8311688311688312,0.5978923088333796,0.7399513350457767
3,615,3.83739837398374,0,0.02,gauss,100,0.7861359279078274,0.7653661647671447,0.7128700607066669,0.8344155844155844,0.6077588225100328,0.7415247886162988
3,615,3.83739837398374,0,0.02,gauss,200,0.7712639552339254,0.7409265109506961,0.6764499781615907,0.8441558441558441,0.6213373942377324,0.7418155219988762
3,615,3.83739837398374,0,0.02,gauss,400,0.8057944651433787,0.7533114440936624,0.7042613256020045,0.8441558441558441,0.6400229753680018,0.7404541105188092
3,615,3.83739837398374,0,0.02,gauss,800,0.7969173698114357,0.7446367233435247,0.6977767172433963,0.8441558441558441,0.639861698736137,0.730158069298639
3,615,3.83739837398374,0,0.05,linspace,5,0.7009532213864029,0.6167636904334528,0.5065057612905186,0.6590909090909091,0.1766371871109759,0.5635834031014066
3,615,3.83739837398374,0,0.05,linspace,10,0.7085997395615218,0.6105889630519171,0.5024749774566053,0.685064935064935,0.2525967135110056,0.5670996715264298
3,615,3.83739837398374,0,0.05,linspace,25,0.7157267230326357,0.6175200659503736,0.4718298690073695,0.724025974025974,0.3627052533545868,0.5647891996852064
3,615,3.83739837398374,0,0.05,linspace,50,0.7126649844845766,0.6208842750542326,0.47866857843075356,0.7207792207792207,0.4103425190665356,0.5804970022886672
3,615,3.83739837398374,0,0.05,linspace,100,0.7127170862274883,0.6118323254804975,0.43521303984087134,0.7402597402597403,0.4305595491185935,0.5664082510778322
3,615,3.83739837398374,0,0.05,linspace,200,0.6867680686130612,0.5738172640668341,0.346319477241542,0.7402597402597403,0.428121910232821,0.5416369017901782
3,615,3.83739837398374,0,0.05,linspace,400,0.6750978150159215,0.5662208301272891,0.39307960198180064,0.724025974025974,0.3960501807560631,0.501110516110304
3,615,3.83739837398374,0,0.05,linspace,800,0.6706438581493533,0.5592759684220566,0.3885747833661665,0.7175324675324676,0.363502516451168,0.46315229035043376
3,615,3.83739837398374,0,0.05,geomspace,5,0.6982222950892177,0.6225315855023549,0.4931866996611178,0.6655844155844156,0.19908532889544742,0.5639736267027708
3,615,3.83739837398374,0,0.05,geomspace,10,0.7174793046246125,0.6223037237585589,0.5066808711062838,0.6818181818181818,0.24521294157803783,0.5700719208806636
3,615,3.83739837398374,0,0.05,geomspace,25,0.7218748695494762,0.6432891331668321,0.5881969197272268,0.724025974025974,0.3497295432078041,0.5794181238805796
3,615,3.83739837398374,0,0.05,geomspace,50,0.7176702573803996,0.6201896201902117,0.4454542559554402,0.7175324675324676,0.3694913322184065,0.5772090839359858
3,615,3.83739837398374,0,0.05,geomspace,100,0.7092016644662217,0.6003992689501076,0.4381062637692652,0.7175324675324676,0.3842154564469133,0.5745050337667477
3,615,3.83739837398374,0,0.05,geomspace,200,0.7061313597239901,0.6112684418371658,0.4411594815523463,0.7402597402597403,0.40311122652170844,0.5699324907602085
3,615,3.83739837398374,0,0.05,geomspace,400,0.7110618668257893,0.5998891935275286,0.41371732829604724,0.7564935064935064,0.4583917101952024,0.5607776656246721
3,615,3.83739837398374,0,0.05,geomspace,800,0.6859589747900218,0.563227632013405,0.28602194310743306,0.75,0.42325942537696676,0.5437085480098915
3,615,3.83739837398374,0,0.05,gauss,5,0.7003679138533082,0.6113036861785306,0.49775130681984575,0.6655844155844156,0.19348461842796394,0.5625927807513204
3,615,3.83739837398374,0,0.05,gauss,10,0.705824768224322,0.6131344070840548,0.5031355323384777,0.685064935064935,0.2543612970700791,0.5687683928633848
3,615,3.83739837398374,0,0.05,gauss,25,0.7195951517729009,0.6253325161757252,0.4843115817536859,0.724025974025974,0.36439185257599577,0.5797044102928899
3,615,3.83739837398374,0,0.05,gauss,50,0.7217773843671345,0.6295605906382236,0.4890964440182861,0.7207792207792207,0.37812649133861725,0.5774048072743618
3,615,3.83739837398374,0,0.05,gauss,100,0.7148964756184604,0.6147136891371542,0.4404280624073542,0.7305194805194806,0.4329698921208536,0.5688640942805074
3,615,3.83739837398374,0,0.05,gauss,200,0.7046880037554467,0.6102333603037893,0.4331614275968364,0.7435064935064936,0.44861432440421944,0.5660408536105206
3,615,3.83739837398374,0,0.05,gauss,400,0.6947577247568164,0.5834469551373241,0.3960148536321347,0.7435064935064936,0.44423489866680843,0.5570349910778472
3,615,3.83739837398374,0,0.05,gauss,800,0.6699119165056553,0.5671241064719358,0.39087183700311134,0.7207792207792207,0.386046231298277,0.5240452432542714
3,615,3.83739837398374,1,0.0,linspace,5,0.9263329961829357,0.9341936623621533,0.9289789317894184,0.8603896103896104,0.6538449349002982,0.9280445503266554
3,615,3.83739837398374,1,0.0,linspace,10,0.9495136833233824,0.9356969012094588,0.9471736669942153,0.8636363636363636,0.665704278939573,0.9283002009320437
3,615,3.83739837398374,1,0.0,linspace,25,0.9263329961829357,0.9341936623621534,0.9289789317894184,0.8993506493506493,0.7780866192630898,0.927408049680311
3,615,3.83739837398374,1,0.0,linspace,50,0.9427416150960558,0.935264889836707,0.9402900309636061,0.8993506493506493,0.7780866192630898,0.9253516018206605
3,615,3.83739837398374,1,0.0,linspace,100,0.9427416150960558,0.935264889836707,0.9402900309636061,0.9155844155844156,0.8088989441930617,0.9262529608056459
3,615,3.83739837398374,1,0.0,linspace,200,0.9427416150960558,0.935264889836707,0.9402900309636061,0.9318181818181818,0.8402714932126697,0.9272353141630693
3,615,3.83739837398374,1,0.0,linspace,400,0.9427416150960558,0.935264889836707,0.9402900309636061,0.9155844155844156,0.8088989441930617,0.9259658242796519
3,615,3.83739837398374,1,0.0,linspace,800,0.9427416150960558,0.935264889836707,0.9402900309636061,0.9318181818181818,0.8402714932126697,0.9248833313519077
3,615,3.83739837398374,1,0.0,geomspace,5,0.9263329961829357,0.9341936623621533,0.9289789317894184,0.8603896103896104,0.6541947429126449,0.9279709723616859
3,615,3.83739837398374,1,0.0,geomspace,10,0.9427416150960558,0.935264889836707,0.9402900309636061,0.8636363636363636,0.6695198592257415,0.9282494965138403
3,615,3.83739837398374,1,0.0,geomspace,25,0.9263329961829357,0.9341936623621534,0.9289789317894184,0.8928571428571429,0.7478578610931551,0.927267467106375
3,615,3.83739837398374,1,0.0,geomspace,50,0.9427416150960558,0.935264889836707,0.9402900309636061,0.8993506493506493,0.7794871794871794,0.9265603886912154
3,615,3.83739837398374,1,0.0,geomspace,100,0.9427416150960558,0.935264889836707,0.9402900309636061,0.8993506493506493,0.7794871794871794,0.9271102589225899
3,615,3.83739837398374,1,0.0,geomspace,200,0.9427416150960558,0.935264889836707,0.9402900309636061,0.9155844155844156,0.8088989441930617,0.9257488467307196
3,615,3.83739837398374,1,0.0,geomspace,400,0.9427416150960558,0.935264889836707,0.9402900309636061,0.9318181818181818,0.8402714932126697,0.9257815835536648
3,615,3.83739837398374,1,0.0,geomspace,800,0.9427416150960558,0.935264889836707,0.9402900309636061,0.9318181818181818,0.8402714932126697,0.9292702582615424
3,615,3.83739837398374,1,0.0,gauss,5,0.9263329961829357,0.9341936623621534,0.9289789317894184,0.8603896103896104,0.655086985774702,0.9280445503266554
3,615,3.83739837398374,1,0.0,gauss,10,0.9427416150960558,0.935264889836707,0.9402900309636061,0.8636363636363636,0.665704278939573,0.9281579406910233
3,615,3.83739837398374,1,0.0,gauss,25,0.9263329961829357,0.9341936623621534,0.9289789317894184,0.8928571428571429,0.7478578610931551,0.9276405556361158
3,615,3.83739837398374,1,0.0,gauss,50,0.9427416150960558,0.935264889836707,0.9402900309636061,0.8993506493506493,0.7780866192630898,0.9267082815670384
3,615,3.83739837398374,1,0.0,gauss,100,0.9427416150960558,0.935264889836707,0.9402900309636061,0.8993506493506493,0.7794871794871794,0.9269418907666029
3,615,3.83739837398374,1,0.0,gauss,200,0.9427416150960558,0.935264889836707,0.9402900309636061,0.9155844155844156,0.8088989441930617,0.9262091126875465
3,615,3.83739837398374,1,0.0,gauss,400,0.9427416150960558,0.935264889836707,0.9402900309636061,0.9155844155844156,0.8088989441930617,0.9256936405525414
3,615,3.83739837398374,1,0.0,gauss,800,0.9427416150960558,0.935264889836707,0.9402900309636061,0.9318181818181818,0.8402714932126697,0.9247258812571763
3,615,3.83739837398374,1,0.02,linspace,5,0.7718987757880968,0.72588448230902,0.5789925710633328,0.7597402597402597,0.4149154583606164,0.7186702061158315
3,615,3.83739837398374,1,0.02,linspace,10,0.7706367224508592,0.7380020069048676,0.6020044084519852,0.7662337662337663,0.4288253186782265,0.7239653137489503
3,615,3.83739837398374,1,0.02,linspace,25,0.7857479776324002,0.7314643321205294,0.5632967249110274,0.8116883116883117,0.573296413685408,0.7353494876429211
3,615,3.83739837398374,1,0.02,linspace,50,0.7951219952407564,0.7506021801579937,0.588072987981012,0.8441558441558441,0.6552237776152916,0.752116067027407
3,615,3.83739837398374,1,0.02,linspace,100,0.8060563674424611,0.740345477956302,0.6163240343204457,0.8376623376623377,0.6493259450060497,0.7486434412666049
3,615,3.83739837398374,1,0.02,linspace,200,0.7960582446331804,0.6927370843996644,0.4348069257190606,0.8441558441558441,0.688086147581084,0.7363545266673555
3,615,3.83739837398374,1,0.02,linspace,400,0.7903738025431553,0.7120360489348275,0.5572873246503314,0.8311688311688312,0.634182715210879,0.7124351314132782
3,615,3.83739837398374,1,0.02,linspace,800,0.7644957819809161,0.6851874187969612,0.5506182841738341,0.8214285714285714,0.6205821250223528,0.6885873110511154
3,615,3.83739837398374,1,0.02,geomspace,5,0.7726247360184934,0.7279031412255329,0.5776421497625368,0.75,0.37334578914282796,0.7190472412453224
3,615,3.83739837398374,1,0.02,geomspace,10,0.7737767874036016,0.728202756446529,0.5809543279634397,0.7694805194805194,0.4364580289937443,0.726687919982748
3,615,3.83739837398374,1,0.02,geomspace,25,0.7897513314776539,0.7515440642180947,0.6083077389712305,0.801948051948052,0.5538534752196992,0.7442675654331047
3,615,3.83739837398374,1,0.02,geomspace,50,0.787263056897087,0.7442684239550063,0.5877743940450024,0.8376623376623377,0.6191428288103434,0.7482149940520203
3,615,3.83739837398374,1,0.02,geomspace,100,0.8074935320311102,0.7317714993260177,0.5871453987979289,0.8409090909090909,0.6305038072465825,0.7553583587789395
3,615,3.83739837398374,1,0.02,geomspace,200,0.8043858742081033,0.7411517342348322,0.5971941022894217,0.8441558441558441,0.6606623257813509,0.7490263970448884
3,615,3.83739837398374,1,0.02,geomspace,400,0.7912658835529287,0.7100669457047467,0.5498345041733974,0.8506493506493507,0.6759051824807527,0.7473411736847042
3,615,3.83739837398374,1,0.02,geomspace,800,0.8032167700753442,0.7239359725780574,0.5641798271202003,0.8344155844155844,0.6417452002683722,0.7334909442177715
3,615,3.83739837398374,1,0.02,gauss,5,0.7650339704206102,0.7181863778574771,0.5724535737045563,0.7532467532467533,0.37638355624605996,0.7182777806300562
3,615,3.83739837398374,1,0.02,gauss,10,0.7728449703606781,0.7332593378002428,0.5997964139732572,0.7694805194805194,0.4357730802389912,0.7250850944797531
3,615,3.83739837398374,1,0.02,gauss,25,0.7882241512829491,0.751933226876619,0.6073528529822605,0.7987012987012987,0.5304238003194359,0.7423050671653708
3,615,3.83739837398374,1,0.02,gauss,50,0.7850018613922318,0.7346468291738572,0.5846807889056711,0.8474025974025974,0.672738855718605,0.7489852823108508
3,615,3.83739837398374,1,0.02,gauss,100,0.7856973388510717,0.7327289010833979,0.5649096475948345,0.8506493506493507,0.67545664299645,0.7509656422871342
3,615,3.83739837398374,1,0.02,gauss,200,0.7819749661785242,0.7360692593874045,0.5759310965244597,0.8506493506493507,0.663503154431922,0.7496731868382093
3,615,3.83739837398374,1,0.02,gauss,400,0.8006763988382138,0.7136175824545412,0.5688805242491204,0.8441558441558441,0.672518034250462,0.7453258695189862
3,615,3.83739837398374,1,0.02,gauss,800,0.7733880646813474,0.6765429986418875,0.4072177210135887,0.8311688311688312,0.6629469644285384,0.7231113995368094
3,615,3.83739837398374,1,0.05,linspace,5,0.7143845116104776,0.6523564066966996,0.5271472052049395,0.711038961038961,0.29841423697704716,0.592243057676692
3,615,3.83739837398374,1,0.05,linspace,10,0.726202583724717,0.6819793093574261,0.6077788833934603,0.7305194805194806,0.3633727107081165,0.5939610983592406
3,615,3.83739837398374,1,0.05,linspace,25,0.7416518995232053,0.671132322420797,0.5382023487111488,0.775974025974026,0.42259423582952993,0.5862329594481511
3,615,3.83739837398374,1,0.05,linspace,50,0.7326346614001462,0.659643793755489,0.5098883865074311,0.75,0.4090953511098702,0.6088980020477905
3,615,3.83739837398374,1,0.05,linspace,100,0.7184162998901324,0.6232116413838403,0.4495785422290753,0.7435064935064936,0.3961886900890911,0.5901726019305428
3,615,3.83739837398374,1,0.05,linspace,200,0.7009878805362928,0.6013725022316788,0.3749941695372324,0.7272727272727273,0.40444928116980916,0.5662687069017899
3,615,3.83739837398374,1,0.05,linspace,400,0.7030562244567873,0.5988785920633635,0.43321642135415556,0.7012987012987013,0.3557509861999026,0.5251663731397213
3,615,3.83739837398374,1,0.05,linspace,800,0.7024525338012921,0.600915788386113,0.4450465917528857,0.7077922077922078,0.35659024914874415,0.5019948235795619
3,615,3.83739837398374,1,0.05,geomspace,5,0.7166981403862842,0.643040282698727,0.48725894395781777,0.7077922077922078,0.27192392042031693,0.5924174846057894
3,615,3.83739837398374,1,0.05,geomspace,10,0.7271734079926231,0.659260432222877,0.5363023034274866,0.7207792207792207,0.31892125423619966,0.596995078862774
3,615,3.83739837398374,1,0.05,geomspace,25,0.7420473232517282,0.6737346051882779,0.5430752957706823,0.7564935064935064,0.3981363023994708,0.6034751408635984
3,615,3.83739837398374,1,0.05,geomspace,50,0.7361467673792297,0.651691925489124,0.47315521606545785,0.7435064935064936,0.3900840048111225,0.6004863091543802
3,615,3.83739837398374,1,0.05,geomspace,100,0.7284017080653256,0.6552377532505524,0.5272847090656051,0.7597402597402597,0.41335314858458894,0.599808859748561
3,615,3.83739837398374,1,0.05,geomspace,200,0.7388349252398665,0.639773370052807,0.4807687615156786,0.7435064935064936,0.4371847370886209,0.6004309799723702
3,615,3.83739837398374,1,0.05,geomspace,400,0.7180293553132059,0.6225162071287405,0.47119897773352865,0.737012987012987,0.4046001302686347,0.5837698005101432
3,615,3.83739837398374,1,0.05,geomspace,800,0.7068086810149993,0.6135613011626077,0.4755619567035242,0.7305194805194806,0.3844556126146529,0.5731544700612404
3,615,3.83739837398374,1,0.05,gauss,5,0.7142229824885777,0.6512941503201778,0.5200069540232635,0.711038961038961,0.2727046575987371,0.5913623253617015
3,615,3.83739837398374,1,0.05,gauss,10,0.7191386191729303,0.6513815394906357,0.5162596711122157,0.7207792207792207,0.3404035230330465,0.5961757883779537
3,615,3.83739837398374,1,0.05,gauss,25,0.7378608830951803,0.6720197382137335,0.5425651568988109,0.7662337662337663,0.4226243174329998,0.6041744280134367
3,615,3.83739837398374,1,0.05,gauss,50,0.7338611050490902,0.6553279781264172,0.4780696276909356,0.7467532467532467,0.39256681611746325,0.602546387298221
3,615,3.83739837398374,1,0.05,gauss,100,0.7283986961153103,0.6474167623183026,0.46878967132741206,0.7597402597402597,0.4200120663819085,0.5967987012834901
3,615,3.83739837398374,1,0.05,gauss,200,0.721658483613864,0.6330550138835993,0.4595574636735886,0.7467532467532467,0.43141682102086704,0.5883448924713528
3,615,3.83739837398374,1,0.05,gauss,400,0.7166515368362583,0.6173334444079972,0.4347493918027639,0.7175324675324676,0.39630087136331477,0.574122679206212
3,615,3.83739837398374,1,0.05,gauss,800,0.6954164372749484,0.5989934009998966,0.4305873915653314,0.737012987012987,0.3978525398677347,0.5549603599376347
3,615,3.83739837398374,2,0.0,linspace,5,0.9427416150960558,0.935264889836707,0.9402900309636061,0.8571428571428571,0.6283799749171477,0.9286944186275092
3,615,3.83739837398374,2,0.0,linspace,10,0.9263329961829356,0.9341936623621531,0.9289789317894184,0.8571428571428571,0.6283799749171477,0.9282582510010849
3,615,3.83739837398374,2,0.0,linspace,25,0.9495136833233824,0.9356969012094588,0.9471736669942153,0.8928571428571429,0.749491577452899,0.9277510107957668
3,615,3.83739837398374,2,0.0,linspace,50,0.9427416150960558,0.935264889836707,0.9402900309636061,0.9025974025974026,0.7801120448179272,0.9264529680369626
3,615,3.83739837398374,2,0.0,linspace,100,0.9427416150960558,0.935264889836707,0.9402900309636061,0.9188311688311688,0.810924369747899,0.9282737808224227
3,615,3.83739837398374,2,0.0,linspace,200,0.9427416150960558,0.935264889836707,0.9402900309636061,0.935064935064935,0.842296918767507,0.9258767933504993
3,615,3.83739837398374,2,0.0,linspace,400,0.9427416150960558,0.935264889836707,0.9402900309636061,0.9188311688311688,0.810924369747899,0.9261822975984368
3,615,3.83739837398374,2,0.0,linspace,800,0.9427416150960558,0.935264889836707,0.9402900309636061,0.935064935064935,0.842296918767507,0.9250465978909579
3,615,3.83739837398374,2,0.0,geomspace,5,0.9263329961829356,0.9341936623621531,0.9289789317894184,0.8571428571428571,0.6283799749171477,0.9286944186275092
3,615,3.83739837398374,2,0.0,geomspace,10,0.9427416150960558,0.935264889836707,0.9402900309636061,0.8571428571428571,0.6311442385173248,0.9282582510010849
3,615,3.83739837398374,2,0.0,geomspace,25,0.9263329961829356,0.9341936623621531,0.9289789317894184,0.8733766233766234,0.7018510300058499,0.9290210006594772
3,615,3.83739837398374,2,0.0,geomspace,50,0.9427416150960558,0.935264889836707,0.9402900309636061,0.8928571428571429,0.749491577452899,0.9288659411059945
3,615,3.83739837398374,2,0.0,geomspace,100,0.9427416150960558,0.935264889836707,0.9402900309636061,0.9025974025974026,0.7815126050420167,0.9280691512093315
3,615,3.83739837398374,2,0.0,geomspace,200,0.9427416150960558,0.9352648898367067,0.9402900309636061,0.9188311688311688,0.810924369747899,0.926368370666906
3,615,3.83739837398374,2,0.0,geomspace,400,0.9427416150960558,0.935264889836707,0.9402900309636061,0.935064935064935,0.842296918767507,0.9274043054633511
3,615,3.83739837398374,2,0.0,geomspace,800,0.9427416150960558,0.935264889836707,0.9402900309636061,0.935064935064935,0.842296918767507,0.9276513660517139
3,615,3.83739837398374,2,0.0,gauss,5,0.9427416150960558,0.935264889836707,0.9402900309636061,0.8571428571428571,0.6283799749171477,0.9286944186275092
3,615,3.83739837398374,2,0.0,gauss,10,0.9263329961829356,0.9341936623621531,0.9289789317894184,0.8571428571428571,0.6290433981811903,0.9279244762053169
3,615,3.83739837398374,2,0.0,gauss,25,0.9263329961829356,0.9341936623621531,0.9289789317894184,0.8831168831168831,0.719416389482974,0.9287291328523505
3,615,3.83739837398374,2,0.0,gauss,50,0.9427416150960558,0.935264889836707,0.9402900309636061,0.9025974025974026,0.7801120448179272,0.9275071389355909
3,615,3.83739837398374,2,0.0,gauss,100,0.9427416150960558,0.935264889836707,0.9402900309636061,0.9025974025974026,0.7801120448179272,0.9279873221304156
3,615,3.83739837398374,2,0.0,gauss,200,0.9427416150960558,0.935264889836707,0.9402900309636061,0.9188311688311688,0.810924369747899,0.927225821053468
3,615,3.83739837398374,2,0.0,gauss,400,0.9427416150960558,0.935264889836707,0.9402900309636061,0.9188311688311688,0.810924369747899,0.9251654586459301
3,615,3.83739837398374,2,0.0,gauss,800,0.9427416150960558,0.9352648898367071,0.9402900309636061,0.935064935064935,0.842296918767507,0.9248435946721839
3,615,3.83739837398374,2,0.02,linspace,5,0.7821821366522931,0.7195135931232652,0.5690646910657705,0.7467532467532467,0.35619921461639725,0.7213024687170896
3,615,3.83739837398374,2,0.02,linspace,10,0.7788338668671769,0.7144963479864828,0.5681988146713127,0.7597402597402597,0.42407572292771534,0.7276705504338027
3,615,3.83739837398374,2,0.02,linspace,25,0.8013989104905698,0.7392811019266131,0.6332586690486423,0.7987012987012987,0.5454673422047307,0.7288336264827922
3,615,3.83739837398374,2,0.02,linspace,50,0.7804768031505996,0.7103202203298513,0.541309862560727,0.8116883116883117,0.6008079528602885,0.7467147891065501
3,615,3.83739837398374,2,0.02,linspace,100,0.8077929324250508,0.7158433569798734,0.5749870462495366,0.8214285714285714,0.6292194887004576,0.7357132442125593
3,615,3.83739837398374,2,0.02,linspace,200,0.7993936612620564,0.7191944965876131,0.5611856563081935,0.814935064935065,0.6264092606739665,0.7190593406811865
3,615,3.83739837398374,2,0.02,linspace,400,0.7859579690446976,0.6929971024101563,0.5264823707067342,0.814935064935065,0.626934361575532,0.7066098669967563
3,615,3.83739837398374,2,0.02,linspace,800,0.7781733548680071,0.6818577028696619,0.5181609526351066,0.7824675324675324,0.5759501902058104,0.6684548148559654
3,615,3.83739837398374,2,0.02,geomspace,5,0.7776066788649764,0.7215470473677112,0.5608615140695254,0.7467532467532467,0.3559409566182012,0.7215687488455469
3,615,3.83739837398374,2,0.02,geomspace,10,0.7790533525060791,0.7125701695650527,0.5436823076240443,0.7532467532467533,0.3795233790972767,0.7303660327199635
3,615,3.83739837398374,2,0.02,geomspace,25,0.7910770864160395,0.7291177160193169,0.6186664329032445,0.7857142857142857,0.5188295038295039,0.7392819148389435
3,615,3.83739837398374,2,0.02,geomspace,50,0.7849291670612946,0.7230623827516075,0.5586144962623782,0.8051948051948052,0.5674673847561374,0.7446847068748096
3,615,3.83739837398374,2,0.02,geomspace,100,0.7784872322379954,0.7040934085810229,0.5344449449948083,0.8084415584415584,0.5772735899944649,0.7417193377023744
3,615,3.83739837398374,2,0.02,geomspace,200,0.799867623629039,0.7160645826643209,0.5581591121236086,0.827922077922078,0.6504749362431541,0.7443641003856036
3,615,3.83739837398374,2,0.02,geomspace,400,0.802074872988112,0.7048728119776384,0.5364864210016892,0.8181818181818182,0.6257602772117253,0.7341646852487118
3,615,3.83739837398374,2,0.02,geomspace,800,0.7980805785458972,0.7098769919573239,0.5510299510939758,0.7987012987012987,0.59418674751515,0.7253415553054668
3,615,3.83739837398374,2,0.02,gauss,5,0.7770719356313393,0.7198448617203812,0.5617449168001193,0.7467532467532467,0.356006149160049,0.7210646520293393
3,615,3.83739837398374,2,0.02,gauss,10,0.7829755803597869,0.7195234893691775,0.5704773591282664,0.7597402597402597,0.4027903339617335,0.7289784971608111
3,615,3.83739837398374,2,0.02,gauss,25,0.787655657956729,0.7173541273434837,0.5467138665738825,0.7824675324675324,0.5001357371334919,0.7398651013200502
3,615,3.83739837398374,2,0.02,gauss,50,0.7850586441930952,0.7176242515539053,0.5473405923024605,0.8116883116883117,0.5798666596763483,0.7419952309086629
3,615,3.83739837398374,2,0.02,gauss,100,0.8020445294186005,0.719944420056104,0.5617790253403756,0.8214285714285714,0.6277982622946933,0.7384624064655939
3,615,3.83739837398374,2,0.02,gauss,200,0.7855661007006374,0.715542749285965,0.5441421271649531,0.8246753246753247,0.6375939573690439,0.7397821864983883
3,615,3.83739837398374,2,0.02,gauss,400,0.8002510636145995,0.7167008950396296,0.5589202043596003,0.814935064935065,0.6208704448264668,0.7371602748968018
3,615,3.83739837398374,2,0.02,gauss,800,0.7586158196758941,0.644765334104356,0.38415537803255917,0.7922077922077922,0.6044071834064182,0.7147262901111389
3,615,3.83739837398374,2,0.05,linspace,5,0.6974345941270063,0.635822027382772,0.4653055333093548,0.6461038961038961,0.18464696405872877,0.581370465540483
3,615,3.83739837398374,2,0.05,linspace,10,0.7052772519858695,0.6108585729700983,0.38493516971191644,0.6785714285714286,0.29018693780007493,0.584010062080851
3,615,3.83739837398374,2,0.05,linspace,25,0.7227932228682641,0.6357729502005753,0.4556369466041772,0.7175324675324676,0.36329150301753044,0.5879060295005373
3,615,3.83739837398374,2,0.05,linspace,50,0.7247905280456088,0.6275072811742948,0.3804389088930492,0.7435064935064936,0.40326078201354965,0.6021603267977448
3,615,3.83739837398374,2,0.05,linspace,100,0.7193672605066548,0.6132019082265638,0.36946005576172114,0.75,0.3831636415009668,0.5848746494326752
3,615,3.83739837398374,2,0.05,linspace,200,0.6895087311177864,0.5874945773327698,0.2901083800298347,0.7564935064935064,0.4281352805124948,0.5556045216281656
3,615,3.83739837398374,2,0.05,linspace,400,0.7056616732692669,0.5864627295026933,0.36254068076602297,0.7402597402597403,0.4351677983348002,0.5224051036844262
3,615,3.83739837398374,2,0.05,linspace,800,0.6952337401547337,0.5735186323778507,0.36620841304676627,0.7012987012987013,0.3449785390332001,0.4898842436928194
3,615,3.83739837398374,2,0.05,geomspace,5,0.7045708713172861,0.6111319608461627,0.4119901333602288,0.6623376623376623,0.18231831836551643,0.5819518806655952
3,615,3.83739837398374,2,0.05,geomspace,10,0.71206648272854,0.6145327323194668,0.4102184457114582,0.6818181818181818,0.2419652231292964,0.5892153843629866
3,615,3.83739837398374,2,0.05,geomspace,25,0.7239597458998918,0.6139132949044857,0.39468965073201656,0.7175324675324676,0.3396495740224888,0.6028961885136265
3,615,3.83739837398374,2,0.05,geomspace,50,0.7082187015311507,0.6182908830784192,0.37760956100451004,0.7077922077922078,0.32583639887956345,0.5982411363570024
3,615,3.83739837398374,2,0.05,geomspace,100,0.7270401049144009,0.6176090657878246,0.4064509830775856,0.737012987012987,0.38544124314937117,0.5928167977377402
3,615,3.83739837398374,2,0.05,geomspace,200,0.7213389260950468,0.6076454360249592,0.3892444632515225,0.75,0.4346769648342215,0.5889670571403451
3,615,3.83739837398374,2,0.05,geomspace,400,0.713955596695314,0.6004822797708702,0.3841553405591511,0.7597402597402597,0.45692766793313916,0.5816586931588473
3,615,3.83739837398374,2,0.05,geomspace,800,0.7101250835803298,0.5764678504748648,0.29426624054633843,0.7435064935064936,0.4288175587198376,0.560475790909332
3,615,3.83739837398374,2,0.05,gauss,5,0.6907143631591716,0.6113730542983642,0.3779811048949876,0.6623376623376623,0.18431794556048609,0.5806967182860777
3,615,3.83739837398374,2,0.05,gauss,10,0.706594938951308,0.6208843450347811,0.39827403280111706,0.6948051948051948,0.26811790222929355,0.5879085939893387
3,615,3.83739837398374,2,0.05,gauss,25,0.7334513025249557,0.6408922028696137,0.4563216761497303,0.7142857142857143,0.37528352434494333,0.6016969739113629
3,615,3.83739837398374,2,0.05,gauss,50,0.7196260569020351,0.6152131315473158,0.3866899821821382,0.7272727272727273,0.35929973427599754,0.6012417325787806
3,615,3.83739837398374,2,0.05,gauss,100,0.712134522968976,0.6142721700471383,0.36474214511827274,0.737012987012987,0.3925674895386377,0.5886401713421789
3,615,3.83739837398374,2,0.05,gauss,200,0.704092882752572,0.607939090641868,0.3657872707838026,0.7532467532467533,0.4340209955412118,0.5824042281712558
3,615,3.83739837398374,2,0.05,gauss,400,0.7154119324323233,0.6037485165485125,0.3851465701536195,0.7207792207792207,0.4252075427202088,0.5772630201360974
3,615,3.83739837398374,2,0.05,gauss,800,0.7000489995008033,0.5924380155697819,0.35567827396678864,0.7207792207792207,0.3997008169013255,0.5465305950851764
3,615,3.83739837398374,3,0.0,linspace,5,0.9263329961829357,0.9341936623621533,0.9289789317894184,0.8538961038961039,0.6140074450832964,0.9280184772748968
3,615,3.83739837398374,3,0.0,linspace,10,0.9263329961829357,0.9341936623621533,0.9289789317894184,0.8668831168831169,0.6686876504987961,0.92813237141273
3,615,3.83739837398374,3,0.0,linspace,25,0.9495136833233825,0.9356969012094588,0.9471736669942153,0.9025974025974026,0.7793938088055735,0.9283969386513294
3,615,3.83739837398374,3,0.0,linspace,50,0.9427416150960561,0.9352648898367071,0.9402900309636061,0.9025974025974026,0.7793938088055734,0.9263288426115192
3,615,3.83739837398374,3,0.0,linspace,100,0.9427416150960561,0.9352648898367071,0.9402900309636061,0.9188311688311688,0.8102061337355454,0.925339119227966
3,615,3.83739837398374,3,0.0,linspace,200,0.942741615096056,0.935264889836707,0.9402900309636061,0.935064935064935,0.8415786827551534,0.9263909726096314
3,615,3.83739837398374,3,0.0,linspace,400,0.9427416150960561,0.9352648898367071,0.9402900309636061,0.9188311688311688,0.8102061337355454,0.9256180540447656
3,615,3.83739837398374,3,0.0,linspace,800,0.9427416150960561,0.9352648898367071,0.9402900309636061,0.935064935064935,0.8415786827551534,0.9256765514315455
3,615,3.83739837398374,3,0.0,geomspace,5,0.9263329961829357,0.9341936623621531,0.9289789317894184,0.8538961038961039,0.6180322128851541,0.9281105679055289
3,615,3.83739837398374,3,0.0,geomspace,10,0.9263329961829357,0.9341936623621533,0.9289789317894184,0.8571428571428571,0.6266708437761069,0.9286531901975372
3,615,3.83739837398374,3,0.0,geomspace,25,0.942741615096056,0.935264889836707,0.9402900309636061,0.8863636363636364,0.7190898626657141,0.9281688524534086
3,615,3.83739837398374,3,0.0,geomspace,50,0.9427416150960561,0.9352648898367071,0.9402900309636061,0.9025974025974026,0.7793938088055734,0.9277383801761461
3,615,3.83739837398374,3,0.0,geomspace,100,0.9427416150960561,0.9352648898367071,0.9402900309636061,0.9025974025974026,0.780794369029663,0.9269818337669787
3,615,3.83739837398374,3,0.0,geomspace,200,0.942741615096056,0.9352648898367067,0.9402900309636061,0.9188311688311688,0.8102061337355454,0.925316066266746
3,615,3.83739837398374,3,0.0,geomspace,400,0.9427416150960561,0.9352648898367071,0.9402900309636061,0.935064935064935,0.8415786827551534,0.926305619713565
3,615,3.83739837398374,3,0.0,geomspace,800,0.9427416150960561,0.9352648898367071,0.9402900309636061,0.935064935064935,0.8415786827551534,0.9276777128517222
3,615,3.83739837398374,3,0.0,gauss,5,0.9263329961829357,0.9341936623621531,0.9289789317894184,0.8538961038961039,0.6140074450832964,0.9280184772748968
3,615,3.83739837398374,3,0.0,gauss,10,0.9495136833233825,0.9356969012094587,0.9471736669942153,0.8571428571428571,0.6266708437761069,0.9281337013641975
3,615,3.83739837398374,3,0.0,gauss,25,0.9427416150960561,0.935264889836707,0.9402900309636061,0.8863636363636364,0.7190898626657141,0.9285633404458138
3,615,3.83739837398374,3,0.0,gauss,50,0.9427416150960561,0.9352648898367071,0.9402900309636061,0.9025974025974026,0.7793938088055734,0.9264596380376517
3,615,3.83739837398374,3,0.0,gauss,100,0.942741615096056,0.935264889836707,0.9402900309636061,0.9025974025974026,0.7793938088055734,0.9263839931528239
3,615,3.83739837398374,3,0.0,gauss,200,0.9427416150960561,0.9352648898367071,0.9402900309636061,0.9188311688311688,0.8102061337355454,0.9250870932001088
3,615,3.83739837398374,3,0.0,gauss,400,0.9427416150960561,0.9352648898367071,0.9402900309636061,0.9188311688311688,0.8102061337355454,0.9271087684910851
3,615,3.83739837398374,3,0.0,gauss,800,0.9427416150960561,0.9352648898367071,0.9402900309636061,0.935064935064935,0.8415786827551534,0.9262710554507458
3,615,3.83739837398374,3,0.02,linspace,5,0.7536623483604171,0.700085892060851,0.5436219012385085,0.7142857142857143,0.3246194621258437,0.6976982253386045
3,615,3.83739837398374,3,0.02,linspace,10,0.7581948570984463,0.7055332529261391,0.5477603388670979,0.75,0.4309357279800945,0.6972917555469679
3,615,3.83739837398374,3,0.02,linspace,25,0.7715720435316133,0.7293846532706284,0.6292120814858702,0.7824675324675324,0.5319926761249738,0.7108479281663793
3,615,3.83739837398374,3,0.02,linspace,50,0.7922724857331528,0.7044807740073182,0.47817393098281963,0.7824675324675324,0.5671225673954408,0.7301037290371166
3,615,3.83739837398374,3,0.02,linspace,100,0.8027635236518362,0.7319813440240149,0.6277591356966679,0.7922077922077922,0.5862015957171667,0.7295637563160173
3,615,3.83739837398374,3,0.02,linspace,200,0.7756963193840523,0.7095880464908214,0.582253705296821,0.801948051948052,0.6119814103992025,0.7086099999123395
3,615,3.83739837398374,3,0.02,linspace,400,0.7733802888676122,0.7097237358368171,0.5867229612805313,0.801948051948052,0.6170337065225994,0.6948614229716138
3,615,3.83739837398374,3,0.02,linspace,800,0.7779609375184291,0.7088637988377217,0.5690366867619354,0.7954545454545454,0.6147726508829945,0.6816398661689903
3,615,3.83739837398374,3,0.02,geomspace,5,0.7498481521313319,0.6968912899555484,0.5428414391922111,0.7077922077922078,0.3030927289479073,0.6983566224059597
3,615,3.83739837398374,3,0.02,geomspace,10,0.7635749514492471,0.7260720270355456,0.6079824505237981,0.7305194805194806,0.3786804644567422,0.7024577686920441
3,615,3.83739837398374,3,0.02,geomspace,25,0.7687871258099347,0.7217423162872696,0.5572881056565466,0.7727272727272727,0.5257736841805267,0.7195585458770218
3,615,3.83739837398374,3,0.02,geomspace,50,0.7739108381225442,0.7189702157991931,0.5513561942974513,0.7792207792207793,0.5450208053124862,0.7286135733678087
3,615,3.83739837398374,3,0.02,geomspace,100,0.7722214808017065,0.690599371177441,0.44166897569156804,0.7857142857142857,0.5557168609936776,0.734999533928472
3,615,3.83739837398374,3,0.02,geomspace,200,0.7827304118706643,0.6978486429944015,0.47799316860992486,0.7922077922077922,0.584595512944101,0.7246951889542135
3,615,3.83739837398374,3,0.02,geomspace,400,0.7914974381988237,0.7318747856106543,0.6173280410922753,0.8051948051948052,0.6234738762845619,0.7275276200807214
3,615,3.83739837398374,3,0.02,geomspace,800,0.7757676756355613,0.6824083870213542,0.44314016476715984,0.8084415584415584,0.6280726057770312,0.716020115728522
3,615,3.83739837398374,3,0.02,gauss,5,0.7540215572923716,0.7181087530861069,0.5813100312163592,0.7077922077922078,0.3142136569224327,0.6972149768115736
3,615,3.83739837398374,3,0.02,gauss,10,0.7587443202588092,0.7233367859003668,0.5863587284491322,0.7337662337662337,0.38784995402642464,0.7011886944246035
3,615,3.83739837398374,3,0.02,gauss,25,0.7653925079009655,0.7152261942096292,0.5514118883178316,0.7857142857142857,0.5593358921891014,0.7139422486314264
3,615,3.83739837398374,3,0.02,gauss,50,0.7795866946097187,0.7282217246396695,0.5577511965688936,0.7792207792207793,0.5502951129498781,0.727592524061735
3,615,3.83739837398374,3,0.02,gauss,100,0.7760061422175483,0.7271734344825727,0.6000601254773141,0.7922077922077922,0.5908167426947424,0.7299046915983791
3,615,3.83739837398374,3,0.02,gauss,200,0.7868202571547224,0.7338583091980672,0.6128860784092321,0.8084415584415584,0.6412988250107349,0.7254918975324659
3,615,3.83739837398374,3,0.02,gauss,400,0.7883085188124195,0.7197154489716568,0.5940401960238685,0.801948051948052,0.6271765515818285,0.7195578296638885
3,615,3.83739837398374,3,0.02,gauss,800,0.7769633700299471,0.6897133506433963,0.45559579107211123,0.7987012987012987,0.6252152501133237,0.7007038085203791
3,615,3.83739837398374,3,0.05,linspace,5,0.691809758433741,0.612319141461155,0.36283619029586783,0.685064935064935,0.21537654143856552,0.5734615466104181
3,615,3.83739837398374,3,0.05,linspace,10,0.7109750526410296,0.6295658588514852,0.4422148345322686,0.7045454545454546,0.2758443085699331,0.5750051188691274
3,615,3.83739837398374,3,0.05,linspace,25,0.724290474724061,0.6355762690399878,0.43316580437124197,0.75,0.40497454430649144,0.5698699137835808
3,615,3.83739837398374,3,0.05,linspace,50,0.7179045588228478,0.6330840405323805,0.39592659045042267,0.775974025974026,0.4464665901619058,0.5900698619559996
3,615,3.83739837398374,3,0.05,linspace,100,0.7208468000770558,0.625364864605073,0.3848155628756772,0.7597402597402597,0.3852687194052115,0.5748304571255795
3,615,3.83739837398374,3,0.05,linspace,200,0.7020051197787581,0.5868215765792523,0.356237030586894,0.75,0.44118874491520127,0.5441770049658231
3,615,3.83739837398374,3,0.05,linspace,400,0.6928877668695705,0.5744147978419724,0.3400436593762017,0.7402597402597403,0.4341742549558465,0.5038194469220698
3,615,3.83739837398374,3,0.05,linspace,800,0.6691984646736476,0.5542984394632374,0.3251969793225541,0.7272727272727273,0.3705253067962524,0.4815675262646474
3,615,3.83739837398374,3,0.05,geomspace,5,0.6943680247277967,0.6183523710418404,0.39547589759517277,0.6590909090909091,0.16922200907820018,0.5739933100813199
3,615,3.83739837398374,3,0.05,geomspace,10,0.7015972303222557,0.6240711512075146,0.4077404933683742,0.6948051948051948,0.2584541438953204,0.5797628422001757
3,615,3.83739837398374,3,0.05,geomspace,25,0.7398455655216453,0.6438088857575353,0.4570212850195186,0.7435064935064936,0.3915709001097995,0.587218911326615
3,615,3.83739837398374,3,0.05,geomspace,50,0.7248624975736317,0.639910160641795,0.4166465123503507,0.7564935064935064,0.39899774969957447,0.5864653073679177
3,615,3.83739837398374,3,0.05,geomspace,100,0.7179053547782371,0.6312377256118109,0.39787821822982977,0.75,0.40650107122709866,0.5864098076049941
3,615,3.83739837398374,3,0.05,geomspace,200,0.7055838758929176,0.6180418087930621,0.3646580244858291,0.7727272727272727,0.4656236404260987,0.5786514193241703
3,615,3.83739837398374,3,0.05,geomspace,400,0.7140829709808004,0.592813929420526,0.35145766672902,0.7272727272727273,0.3778711442682023,0.573582850501377
3,615,3.83739837398374,3,0.05,geomspace,800,0.7072217126762932,0.5881367789368904,0.3480019207256776,0.7402597402597403,0.4012725764644218,0.557969442114993
3,615,3.83739837398374,3,0.05,gauss,5,0.7029428958467633,0.6087030870024419,0.32252841137371535,0.685064935064935,0.21247672883287058,0.5725479810529703
3,615,3.83739837398374,3,0.05,gauss,10,0.6991351130129791,0.6305095151173918,0.42883152907084815,0.7012987012987013,0.2723174965073154,0.5783494664288266
3,615,3.83739837398374,3,0.05,gauss,25,0.7213327898524681,0.643352351136175,0.43894191746434325,0.7467532467532467,0.4073516621753913,0.5866363506318366
3,615,3.83739837398374,3,0.05,gauss,50,0.7403339992044639,0.6462223905029184,0.43944873164606263,0.7662337662337663,0.445324048981965,0.5868034209260928
3,615,3.83739837398374,3,0.05,gauss,100,0.717718115494342,0.6190330347132033,0.35493925476740984,0.7662337662337663,0.42512438541850306,0.5780969986931039
3,615,3.83739837398374,3,0.05,gauss,200,0.7083901629352655,0.598670377847822,0.36276662511741903,0.7564935064935064,0.4480002603863416,0.5721681393186865
3,615,3.83739837398374,3,0.05,gauss,400,0.7115082085820981,0.6017129801381648,0.3768841890845958,0.7337662337662337,0.3914587199879516,0.5697263399321862
3,615,3.83739837398374,3,0.05,gauss,800,0.6850992833274682,0.5825347256487714,0.34610691968886337,0.7467532467532467,0.4045762806036779,0.5313709404380295
3,615,3.83739837398374,4,0.0,linspace,5,0.9495136833233823,0.9356969012094588,0.9471736669942153,0.8668831168831169,0.6482619173795645,0.9290852464740279
3,615,3.83739837398374,4,0.0,linspace,10,0.9263329961829354,0.9341936623621533,0.9289789317894184,0.8668831168831169,0.6482619173795645,0.9291263084713344
3,615,3.83739837398374,4,0.0,linspace,25,0.9263329961829356,0.9341936623621534,0.9289789317894184,0.8961038961038961,0.7846872082166199,0.9276541188401762
3,615,3.83739837398374,4,0.0,linspace,50,0.9427416150960557,0.935264889836707,0.9402900309636061,0.8961038961038961,0.78468720821662,0.9255058750863351
3,615,3.83739837398374,4,0.0,linspace,100,0.9427416150960557,0.935264889836707,0.9402900309636061,0.8961038961038961,0.7860877684407096,0.9275903563933708
3,615,3.83739837398374,4,0.0,linspace,200,0.9427416150960557,0.935264889836707,0.9402900309636061,0.9285714285714286,0.8468720821661998,0.9262676256229923
3,615,3.83739837398374,4,0.0,linspace,400,0.9427416150960557,0.935264889836707,0.9402900309636061,0.9123376623376623,0.815499533146592,0.9272006956201945
3,615,3.83739837398374,4,0.0,linspace,800,0.9427416150960557,0.935264889836707,0.9402900309636061,0.9285714285714286,0.8468720821661998,0.9248865881482902
3,615,3.83739837398374,4,0.0,geomspace,5,0.9263329961829356,0.9341936623621534,0.9289789317894184,0.8668831168831169,0.6482619173795645,0.9290852464740279
3,615,3.83739837398374,4,0.0,geomspace,10,0.9427416150960557,0.935264889836707,0.9402900309636061,0.8668831168831169,0.6482619173795645,0.9291266518411544
3,615,3.83739837398374,4,0.0,geomspace,25,0.9263329961829356,0.9341936623621534,0.9289789317894184,0.8896103896103896,0.7544584500466853,0.9288531800816063
3,615,3.83739837398374,4,0.0,geomspace,50,0.9427416150960557,0.935264889836707,0.9402900309636061,0.8961038961038961,0.7846872082166199,0.9270125598932064
3,615,3.83739837398374,4,0.0,geomspace,100,0.9427416150960557,0.935264889836707,0.9402900309636061,0.8961038961038961,0.78468720821662,0.9287196719438884
3,615,3.83739837398374,4,0.0,geomspace,200,0.9427416150960557,0.935264889836707,0.9402900309636061,0.9123376623376623,0.815499533146592,0.9263026517994871
3,615,3.83739837398374,4,0.0,geomspace,400,0.9427416150960557,0.935264889836707,0.9402900309636061,0.9285714285714286,0.8468720821661998,0.9270823292527934
3,615,3.83739837398374,4,0.0,geomspace,800,0.9427416150960557,0.935264889836707,0.9402900309636061,0.9285714285714286,0.8468720821661998,0.9277091967077523
3,615,3.83739837398374,4,0.0,gauss,5,0.9263329961829356,0.9341936623621533,0.9289789317894184,0.8668831168831169,0.6482619173795645,0.9290852464740279
3,615,3.83739837398374,4,0.0,gauss,10,0.9427416150960557,0.935264889836707,0.9402900309636061,0.8668831168831169,0.6495039682539682,0.9295456797220328
3,615,3.83739837398374,4,0.0,gauss,25,0.9263329961829356,0.9341936623621534,0.9289789317894184,0.8896103896103896,0.7544584500466853,0.927791199545486
3,615,3.83739837398374,4,0.0,gauss,50,0.9427416150960557,0.9352648898367067,0.9402900309636061,0.8961038961038961,0.7846872082166199,0.9277005623993486
3,615,3.83739837398374,4,0.0,gauss,100,0.9427416150960557,0.935264889836707,0.9402900309636061,0.8961038961038961,0.7860877684407096,0.9274155805104362
3,615,3.83739837398374,4,0.0,gauss,200,0.9427416150960557,0.935264889836707,0.9402900309636061,0.9123376623376623,0.815499533146592,0.9271316746728407
3,615,3.83739837398374,4,0.0,gauss,400,0.9427416150960557,0.935264889836707,0.9402900309636061,0.9123376623376623,0.815499533146592,0.9266240350540073
3,615,3.83739837398374,4,0.0,gauss,800,0.9427416150960557,0.935264889836707,0.9402900309636061,0.9285714285714286,0.8468720821661998,0.9257342478032576
3,615,3.83739837398374,4,0.02,linspace,5,0.7775077279288585,0.7658254889994685,0.7097293256240838,0.7532467532467533,0.4040212337542059,0.714353965909183
3,615,3.83739837398374,4,0.02,linspace,10,0.7848718174914481,0.7547622026015502,0.7681458767890598,0.7857142857142857,0.4654924564723158,0.7211142586109051
3,615,3.83739837398374,4,0.02,linspace,25,0.7927753648821968,0.7790252491939997,0.7462074861754858,0.8084415584415584,0.5301344365608881,0.7283466698815876
3,615,3.83739837398374,4,0.02,linspace,50,0.7885330849969594,0.7621711653250389,0.7037491583502286,0.8214285714285714,0.6008321594051953,0.7363136920639054
3,615,3.83739837398374,4,0.02,linspace,100,0.8074679795427391,0.7640843159457322,0.728230526964034,0.827922077922078,0.6234912146676852,0.7328879131185593
3,615,3.83739837398374,4,0.02,linspace,200,0.7902892641440342,0.7114626378306783,0.5430608213685114,0.8311688311688312,0.6293073477000134,0.7238676053176841
3,615,3.83739837398374,4,0.02,linspace,400,0.7956445742533059,0.7061498925672632,0.5631619863856626,0.814935064935065,0.604944810091869,0.711701587197892
3,615,3.83739837398374,4,0.02,linspace,800,0.7930965372141949,0.7365370377753158,0.7350057193249397,0.7987012987012987,0.561982217129276,0.6971567748105959
3,615,3.83739837398374,4,0.02,geomspace,5,0.7749064325125277,0.7517806039939583,0.6987595385046064,0.7435064935064936,0.3767685508128525,0.714750594877923
3,615,3.83739837398374,4,0.02,geomspace,10,0.7836813072378983,0.7743266858810078,0.7457176728404473,0.7727272727272727,0.4338471056057911,0.7235736513336659
3,615,3.83739837398374,4,0.02,geomspace,25,0.7950763276741035,0.7238175283004643,0.6007575768764551,0.814935064935065,0.5691716992789466,0.7371068133810607
3,615,3.83739837398374,4,0.02,geomspace,50,0.7887312301627422,0.7627158586031677,0.7042818086397177,0.814935064935065,0.560164654128571,0.735226569552562
3,615,3.83739837398374,4,0.02,geomspace,100,0.8088134111758261,0.762736673867649,0.7255642277033042,0.8214285714285714,0.6101817832178364,0.7384615363859435
3,615,3.83739837398374,4,0.02,geomspace,200,0.8153544862849722,0.7637529369558341,0.7389604004930969,0.8344155844155844,0.6381555930891795,0.73874895150505
3,615,3.83739837398374,4,0.02,geomspace,400,0.8070758578158137,0.7581450911060865,0.7220009386117076,0.8311688311688312,0.6357918147446621,0.7298416009233536
3,615,3.83739837398374,4,0.02,geomspace,800,0.8035571135320569,0.742092111608958,0.7368871847134462,0.8181818181818182,0.6088313647137177,0.7303651330906756
3,615,3.83739837398374,4,0.02,gauss,5,0.7770933095195713,0.7281750646088513,0.547947710330893,0.7467532467532467,0.38309967361028185,0.7135514289054389
3,615,3.83739837398374,4,0.02,gauss,10,0.7774912457834108,0.7200218764684474,0.5368388114729481,0.775974025974026,0.43687864501697454,0.7211408564565219
3,615,3.83739837398374,4,0.02,gauss,25,0.8013030125700406,0.7664200144940069,0.7776202394055979,0.8181818181818182,0.5846826661091177,0.736860419429873
3,615,3.83739837398374,4,0.02,gauss,50,0.8026130929408303,0.7592688142851691,0.7287288742371038,0.8181818181818182,0.5824582493302025,0.735729990094424
3,615,3.83739837398374,4,0.02,gauss,100,0.7858555407484852,0.7516974217454429,0.6995628587603148,0.827922077922078,0.615729843376291,0.7346782464695842
3,615,3.83739837398374,4,0.02,gauss,200,0.8003397308083972,0.7299663512641398,0.5567549549155383,0.8246753246753247,0.6396859390510299,0.7354929644484767
3,615,3.83739837398374,4,0.02,gauss,400,0.8131424380873563,0.761037465390053,0.7254137193759392,0.814935064935065,0.5983544155425571,0.735842904023538
3,615,3.83739837398374,4,0.02,gauss,800,0.7952844872507819,0.7068311216246552,0.5588748106069062,0.8116883116883117,0.5851201952274425,0.7228747844138966
3,615,3.83739837398374,4,0.05,linspace,5,0.6962109674941839,0.6148194188244192,0.39775655204853944,0.6818181818181818,0.21347038237176647,0.579926656965633
3,615,3.83739837398374,4,0.05,linspace,10,0.7010864059429058,0.6337416198756951,0.4696945676006746,0.7045454545454546,0.2875552170065722,0.5757580434159201
3,615,3.83739837398374,4,0.05,linspace,25,0.7164933863750707,0.6498238752545961,0.49955025365232264,0.7467532467532467,0.36067344814701713,0.5689730299801565
3,615,3.83739837398374,4,0.05,linspace,50,0.7120524711365022,0.6288341571787562,0.4158424741033061,0.7467532467532467,0.38269817914473064,0.5888827773509234
3,615,3.83739837398374,4,0.05,linspace,100,0.6978534371998065,0.606513558044596,0.39276083377083815,0.75,0.4177204299900305,0.5754792866301148
3,615,3.83739837398374,4,0.05,linspace,200,0.7107610973588155,0.5888728824867739,0.36728743120658747,0.75,0.3928467725626167,0.5564353878377698
3,615,3.83739837398374,4,0.05,linspace,400,0.691329007708293,0.5870447657278415,0.36078567050395066,0.7305194805194806,0.38556718774176596,0.516202765838714
3,615,3.83739837398374,4,0.05,linspace,800,0.6783745923106667,0.5698180055036048,0.33864309061240144,0.6948051948051948,0.32730074675958987,0.47303234901788227
3,615,3.83739837398374,4,0.05,geomspace,5,0.6950915389596796,0.6226163733113229,0.4138424417085896,0.6818181818181818,0.21869072635769318,0.5800326543759793
3,615,3.83739837398374,4,0.05,geomspace,10,0.7002631084792355,0.6225334407995009,0.41228052454431835,0.6753246753246753,0.20689038310983507,0.5826560974566508
3,615,3.83739837398374,4,0.05,geomspace,25,0.7322239804226098,0.6451932913607118,0.49414877891697584,0.7402597402597403,0.3522586190833423,0.5871353537708656
3,615,3.83739837398374,4,0.05,geomspace,50,0.717917649011223,0.6272830292627604,0.3981597817188228,0.7402597402597403,0.3643695178311966,0.5843998164154331
3,615,3.83739837398374,4,0.05,geomspace,100,0.7130174421268068,0.6279096347880772,0.4221011774395104,0.7337662337662337,0.37811810658016226,0.5914225669965967
3,615,3.83739837398374,4,0.05,geomspace,200,0.6890133321351256,0.5947893955635899,0.36061032881861715,0.7467532467532467,0.41147295874824535,0.5865887544097608
3,615,3.83739837398374,4,0.05,geomspace,400,0.7259195255503149,0.6123328256616029,0.38168570331389995,0.7467532467532467,0.4511501463686205,0.5749377391729995
3,615,3.83739837398374,4,0.05,geomspace,800,0.7146378247882663,0.5958372284127534,0.355725123968083,0.7435064935064936,0.4324912106655103,0.556737855590211
3,615,3.83739837398374,4,0.05,gauss,5,0.7021253724050459,0.6339526971720686,0.47204974520697085,0.6818181818181818,0.22049465375589938,0.5788420450062383
3,615,3.83739837398374,4,0.05,gauss,10,0.7000787255236525,0.6328702142255859,0.46711418435317953,0.6883116883116883,0.23464287998298197,0.5818455024165696
3,615,3.83739837398374,4,0.05,gauss,25,0.7127709491768169,0.6252703639641188,0.4078906184059823,0.75,0.3938798448695583,0.5864888944508104
3,615,3.83739837398374,4,0.05,gauss,50,0.7155873094409352,0.6349375655461978,0.4572695642040334,0.7467532467532467,0.374105682712694,0.5851453126292604
3,615,3.83739837398374,4,0.05,gauss,100,0.7027664994921549,0.6101527609112164,0.38430439379340586,0.7564935064935064,0.44151322168563545,0.5776818458344544
3,615,3.83739837398374,4,0.05,gauss,200,0.6950711851887408,0.5931919197504356,0.3492523300211606,0.7597402597402597,0.4218325247449872,0.5785734477734008
3,615,3.83739837398374,4,0.05,gauss,400,0.7023041934829629,0.5859457781432216,0.3573964927830308,0.7435064935064936,0.43517985793235875,0.567887851782841
3,615,3.83739837398374,4,0.05,gauss,800,0.6919119198406818,0.5850143719966507,0.34818834294352274,0.7272727272727273,0.39068277475823476,0.5409436701873125
